scenario,traffic_id,case_id,seed,avg_power_unit,energy_unit_ms,arrived_count,delivered_count,pdb_satisfied_count,pdb_eligible_count,completion_rate,pdb_ratio,delay_mean_ms,delay_samples_json,traffic_sha256
nominal,FTP3,1-1,1001,24.824375000000003,15887.600000000002,2,2,1,2,1.0,0.5,73.482139,"[39.353997,107.610281]",a1bf7adcb932a96e56640395ca94e008b49adc1e9092ec26679a471521061f98
nominal,FTP3,1-1,1002,40.541250000000005,25946.4,2,2,2,2,1.0,1.0,84.5566215,"[96.914878,72.198365]",eca59de46607708a28dd423e9dc4dc37babae6b3e88f215ee03ec89408f10c2d
nominal,FTP3,1-1,1003,24.824375,15887.6,2,2,1,1,1.0,1.0,36.9396325,"[14.025091,59.854174]",493f33ee73332fd817f87ac99290330db3fddd8b0ea9765090b0480f74118da5
nominal,FTP3,1-1,1004,40.541250000000005,25946.4,3,3,0,1,1.0,0.0,97.09504466666668,"[141.02636,102.576782,47.681992]",968658100c735389ddcf5a06d0d532522701cf8276766a6b979154f5f09e09c3
nominal,FTP3,1-1,1005,43.34,27737.600000000002,3,3,1,3,1.0,0.3333333333333333,92.54457233333333,"[60.277244,116.30915,101.047323]",59c9d46e7290b09c5971bde894d2d086681e5ce4d9f1b97654c1368831c931ea
nominal,FTP3,1-1,1006,40.541250000000005,25946.4,2,2,1,2,1.0,0.5,89.7646625,"[130.182572,49.346753]",63847dda14eb4b08c92efc7c28073ff8993df7be0aa257a96188495d1a226d2f
nominal,FTP3,1-1,1007,44.21276514796875,28296.169694700002,5,5,2,2,1.0,1.0,15.853152600000001,"[9.100598,5.0,29.348058,16.688038,19.129069]",10126f4513799405c85223d1f5fb1b5b92ce0bca7ebdcebaa591ca53a85e4e7c
nominal,FTP3,1-1,1008,34.292717380312496,21947.339123399997,4,4,2,4,1.0,0.5,94.62128675,"[144.450603,132.916091,96.118453,5.0]",7c9f5dbaac3916a579b2a6ec4b0ec5b9960269d135cdd2a40f6c2d94bf37252c
nominal,FTP3,1-1,1009,43.778363732343756,28018.152788700005,7,7,3,4,1.0,0.75,49.320547285714284,"[64.153563,19.514037,5.0,114.922545,71.7689,34.224696,35.66009]",bf981d5cde14c3e52a290f5849a833a8388e8cc9d9216a39171751026798be18
nominal,FTP3,1-1,1010,68.87408394546874,44079.41372509999,3,3,3,3,1.0,1.0,5.0,"[5.0,5.0,5.0]",c872229107147f24ccb841e3885925308d86a518fa4477da255bdcbfe218b844
nominal,FTP3,1-1,1011,50.8816053125,32564.2274,2,2,2,2,1.0,1.0,5.0000005000000005,"[5.0,5.000001]",892974718f06ac0d8b6a5a6253febde5a7a1c553ddfe2e5cb388365a146ccc7c
nominal,FTP3,1-1,1012,51.531264607187495,32980.0093486,3,3,3,3,1.0,1.0,13.878258,"[31.634774,5.0,5.0]",318a5d0ba9036c4f996a23c0b76cb7e34f8e4f02cca3286586c49d422c282085
nominal,FTP3,1-1,1013,63.069375,40364.4,5,5,2,4,1.0,0.5,53.98495379999999,"[106.585374,5.0,5.0,148.339395,5.0]",d074281e15ceffb35beb91e935815e8c0b330c5b2175ac7d1a42e416022b169f
nominal,FTP3,1-1,1014,73.27375031250001,46895.20020000001,4,4,3,3,1.0,1.0,27.555092000000002,"[5.000001,45.759028,21.138717,38.322622]",460cc6e7693b7961e022bf1312ca5187ecff05f4c5f3f70db5f6eaaac1f309c6
nominal,FTP3,1-1,1015,34.36045,21990.688,5,5,2,4,1.0,0.5,79.3134002,"[122.878746,69.865721,5.0,140.703075,58.119459]",e95bfe7f27d2b941b39d267bcb0dbd61fecf329415cc161d4d84a25631be7454
nominal,FTP3,1-1,1016,63.73733982328125,40791.8974869,5,5,4,4,1.0,1.0,30.025678600000003,"[56.806634,55.695667,8.073898,5.0,24.552194]",20cd8c88d4abb5a981c10d492553478eabf71c1251284fea91487a830b81dedb
nominal,FTP3,1-1,1017,46.12035017765625,29517.024113699998,5,5,3,4,1.0,0.75,46.133748000000004,"[139.081352,12.999817,5.0,5.0,68.587571]",58d440235b422a228c001f61add8efbb608dfc221a30b1f2fe464db0f842609b
nominal,FTP3,1-1,1018,51.0128628046875,32648.232195,3,3,2,3,1.0,0.6666666666666666,76.04717133333334,"[5.0,89.314686,133.826828]",d06d134792ee183239770fc53ac6104b45a70f0627731bf98f75191e524336cb
nominal,FTP3,1-1,1019,28.063883974062502,17960.885743400002,2,2,1,2,1.0,0.5,79.2612025,"[48.681614,109.840791]",f28c84e3a0d834bc44c717af439d53359d5193fbc641cc81e0b8a219ca7c49e6
nominal,FTP3,1-1,1020,34.7788804375,22258.48348,2,2,1,2,1.0,0.5,55.240783,"[105.481566,5.0]",2ac928155b097c419d45a874fd367644087ce81803782eb25604546062f1bdb7
nominal,FTP3,1-1,1021,9.107499999999998,5828.799999999999,0,0,0,0,,,,[],4f53cda18c2baa0c0354bb5f9a3ecbe5ed12ab4d8e11ba873c2f11161202b945
nominal,FTP3,1-1,1022,45.2115625,28935.4,1,1,1,1,1.0,1.0,87.257755,[87.257755],3df3ef06ed79ba25f349d943bb267450282d03f3309b90116e1a952fa99763c2
nominal,FTP3,1-1,1023,24.824375000000003,15887.600000000002,2,2,0,1,1.0,0.0,71.7118545,"[102.278292,41.145417]",bcb31431de15a2bd3d368ef2b949a13709b33bf0ce583c881398daf3f2846cbd
nominal,FTP3,1-1,1024,55.7439151325,35676.1056848,4,4,3,4,1.0,0.75,65.45886925,"[132.7614,37.363822,5.0,86.710255]",dea3b0c6d8e4467a72a08ba08b5386f8542b5150b4b90dc4190923d74da8e8d9
nominal,FTP3,1-1,1025,73.49200186203124,47034.8811917,5,5,5,5,1.0,1.0,16.528503399999998,"[5.0,5.0,62.642517,5.0,5.0]",e92525f9ac75072ba11f3b70f8ca6db91f4b6cd048475ac576e9fd80be1f46bc
nominal,FTP3,1-1,1026,60.681786831249994,38836.343572,4,4,3,3,1.0,1.0,39.06698025,"[5.0,47.393456,5.0,98.874465]",0c98fab84d296feece9de16748275e8a705d05bf71b336b04a58c0a0f2faa8a0
nominal,FTP3,1-1,1027,9.107499999999998,5828.799999999999,0,0,0,0,,,,[],2933f7db5d16ba37646649fff8e37343c77159c5db417ad31fbd5e13ff39add5
nominal,FTP3,1-1,1028,64.6877955571875,41400.1891566,4,4,3,4,1.0,0.75,49.33350675,"[5.0,47.015941,5.0,140.318086]",58d89705ac8ae9a7b635231b37a5657a288ceeed88ac46a635d32403ad57ffa4
nominal,FTP3,1-1,1029,54.500625,34880.4,5,5,2,4,1.0,0.5,81.0336926,"[118.952241,151.634795,63.204357,66.37707,5.0]",38b3820a9df1dc23e0be5827bcbe557c65b5be72883abf73d573cdff08d97419
nominal,FTP3,1-1,1030,53.91939548359376,34508.413109500005,4,4,2,3,1.0,0.6666666666666666,31.2434455,"[5.0,104.804173,5.0,10.169609]",1bda837788b61d5b045e4605e29a40fd643038e4294e6d25e76033020b249565
nominal,FTP3,1-1,1031,43.70610830437501,27971.909314800003,5,5,4,5,1.0,0.8,45.0836216,"[74.829107,24.461487,5.0,5.0,116.127514]",be960ba3b433f84023f050471bb4871b8e8a12a71ffd1e15300677a686632a5c
nominal,FTP3,1-1,1032,60.43882319828125,38680.8468469,3,3,3,3,1.0,1.0,47.68937400000001,"[97.934088,5.0,40.134034]",d0da9158d3de763d8f2b48ebf25457d543689c3dee90c87144764e9007f5f305
nominal,FTP3,1-1,1033,44.63875031250001,28568.800200000005,4,4,3,3,1.0,1.0,25.5617755,"[25.456714,20.550779,5.000001,51.239608]",febab708e98ad0b7c35c1b0efc8a5a924f8ac5cfb66e24b17230db698fb28473
nominal,FTP3,1-1,1034,52.209949331874995,33414.3675724,2,2,2,2,1.0,1.0,51.791685,"[5.0,98.58337]",560167ac33d72643e33a78d85170eb0de890bf063fa2a2fc049fc2aadc5b7f43
nominal,FTP3,1-1,1035,42.87640625,27440.9,3,3,1,3,1.0,0.3333333333333333,85.81507699999999,"[8.756348,125.519431,123.169452]",b4f536e7dfc9a79fee652e04b9be22e2698b18461154f2efabc23d1e2f745462
nominal,FTP3,1-1,1036,47.69745255375,30526.369634399998,3,3,1,2,1.0,0.5,52.27515733333333,"[110.616838,5.000001,41.208633]",eb2c5d253c65a5ccb0be5e6be75b15400562a6c86de3fa59c2ac1e8e4e0aa030
nominal,FTP3,1-1,1037,45.834559645,29334.1181728,4,4,2,4,1.0,0.5,84.11247875000001,"[154.656982,37.099866,5.0,139.693067]",9e7b392950713ad67a234ed045e2548a89b285da80db41928b4d93f378ff564c
nominal,FTP3,1-1,1038,43.34,27737.600000000002,5,5,1,2,1.0,0.5,81.8125972,"[103.957307,92.634426,103.070895,81.57445,27.825908]",ea4df10e45b2f1e45784e701f3f2a8c49a2f9240e315dee3b166b9e1d05e18e9
nominal,FTP3,1-1,1039,52.93812499999999,33880.399999999994,4,4,1,3,1.0,0.3333333333333333,67.5688555,"[154.653414,105.622008,5.0,5.0]",9c9d424f848103e546bc6c3511a35a18b39950438738d9694fa47b2e7092b338
nominal,FTP3,1-1,1040,41.13096902796875,26323.8201779,5,5,4,5,1.0,0.8,37.657753400000004,"[120.951142,52.337625,5.0,5.0,5.0]",b40a5b7d10b4d5f2a18817a3560ecda7178d5a26d6eb8d206f401cace7b53a49
nominal,FTP3,1-1,1041,34.955625000000005,22371.600000000002,2,2,1,2,1.0,0.5,75.746287,"[146.492574,5.0]",404c1fccf6d43aa3b7b617452742d60ad877ca5f9ac5c2113348c6760c2daf1b
nominal,FTP3,1-1,1042,50.2670505,32170.912320000003,3,3,3,3,1.0,1.0,20.297825666666668,"[27.329991,28.563486,5.0]",2bec0699f03c9f7563772cd68847fa03999bf7ae91da9dfbca4ad8e88ad4cd17
nominal,FTP3,1-1,1043,51.375625,32880.4,3,3,2,2,1.0,1.0,18.326367,"[20.210553,29.768548,5.0]",56061610bac26b4d6e3a513014ed78f5d94dd93d5c3e268b60f606773ca23afc
nominal,FTP3,1-1,1044,53.58390251562499,34293.697609999996,3,3,3,3,1.0,1.0,31.521297666666666,"[5.0,5.0,84.563893]",2d32de9af6ad701c9face1164d6530483980ac005f3ba132ef3f4d391483f7c5
nominal,FTP3,1-1,1045,9.107499999999998,5828.799999999999,1,1,0,0,1.0,,40.237191,[40.237191],bf185a1ea3f37ea7cea984c05cbd3903e3c5b77530fc8280cb37be21b2e0bfea
nominal,FTP3,1-1,1046,35.5312665,22740.01056,3,3,3,3,1.0,1.0,30.243566,"[63.192812,22.537886,5.0]",c07e5c427da6afa28bd48459330c67537bbf688a5e938b38a8b4b274cd49774b
nominal,FTP3,1-1,1047,24.824375,15887.6,2,2,1,1,1.0,1.0,52.5349265,"[10.035112,95.034741]",472696e3d25c98c02851c24b50bd64b8422d9cb0517a73725d45073af6946a74
nominal,FTP3,1-1,1048,29.365634974375002,18794.0063836,2,2,1,2,1.0,0.5,59.133595,"[5.000001,113.267189]",9fc8ed31605ce3534e59c6f025b8d137d4befd9516eb812ca8e6d24d770a0f73
nominal,FTP3,1-1,1049,24.824375000000003,15887.600000000002,1,1,0,0,1.0,,28.700869,[28.700869],22c3fdba0d5d053266cd9b770558ee7585ebea2d9da62bc6de399b52e3851734
nominal,FTP3,1-1,1050,36.7402465965625,23513.7578218,3,3,2,2,1.0,1.0,13.859377,"[5.000001,5.0,31.57813]",27af86737e0469321f323584f65822f35b44e019039ea8eae5b3e0299320ca1b
nominal,FTP3,1-1,1051,27.623125000000005,17678.800000000003,2,2,2,2,1.0,1.0,58.9655955,"[71.219944,46.711247]",72feda41bae0824b7f368d6b0c90f63abc2e0c0d2b44b024c419d2603420a3a8
nominal,FTP3,1-1,1052,9.107499999999998,5828.799999999999,0,0,0,0,,,,[],4214349a714dfecd14ebdd583ffcc0988e69816eafbc1dfaf3b9c4f018011330
nominal,FTP3,1-1,1053,41.8400003125,26777.6002,2,2,2,2,1.0,1.0,9.0725665,"[5.000001,13.145132]",4141643e4333147fe5a140d667558a1920eda49af67cc4f25e2956f7a0bcde98
nominal,FTP3,1-1,1054,24.824375000000003,15887.600000000002,1,1,1,1,1.0,1.0,54.259057,[54.259057],c3f8b1251016df5826dce25f71c7c5dfb2b774504ec26252e8703fe71af3b440
nominal,FTP3,1-1,1055,27.623125000000005,17678.800000000003,3,3,0,3,1.0,0.0,134.461849,"[139.186561,137.592592,126.606394]",612a648e6c39a29fa1d10fad47162893fd01950836ee02dd77989843a1e77568
nominal,FTP3,1-1,1056,61.522453687500004,39374.37036,6,6,4,6,1.0,0.6666666666666666,52.173563,"[116.184097,25.480122,5.0,5.0,5.000001,156.377158]",9c9e677e544d8373471ed9300a93ed55560543892ed3472660570e05ecdd124b
nominal,FTP3,1-1,1057,77.0852719928125,49334.5740754,6,6,3,4,1.0,0.75,26.6861365,"[5.0,126.440469,13.67635,5.0,5.0,5.0]",0435ad5f47bfdbfc124c090a078a0f4768df440516675a419e3fe55ccc05c3ae
nominal,FTP3,1-1,1058,46.542854220625,29787.426701200002,3,3,2,3,1.0,0.6666666666666666,48.25036733333334,"[134.751102,5.0,5.0]",23eb2f3575b79ced8624d8f04fceedce16aba4e4a99eae51778a886e048f6a95
nominal,FTP3,1-1,1059,40.53026620312501,25939.370370000004,6,6,3,3,1.0,1.0,41.560365166666664,"[63.410614,5.0,5.0,70.928592,61.800952,43.222033]",4f3916bcc25c407e81b2ef6cabae64ebb91a9476751a386282813b9b08c7f0d5
nominal,FTP3,1-1,1060,43.34,27737.600000000002,4,4,0,3,1.0,0.0,115.83572475,"[141.613905,109.629309,138.680306,73.419379]",7b3f0c46b36357116ffd129b08dc1fd4340b8852c9c18a613834d798cedfd3ba
nominal,FTP3,1-1,1061,90.23289016203125,57749.0497037,6,6,5,5,1.0,1.0,8.6073525,"[23.821279,5.0,5.0,5.0,7.822836,5.0]",05481c585458e9625fc0785238f6bad5ed004943a5d452f9c4536f3a9a9760ec
nominal,FTP3,1-1,1062,38.8154665,24841.89856,7,7,4,5,1.0,0.8,61.32541114285714,"[122.767657,55.362433,57.906449,62.380431,5.0,73.800977,52.059931]",c4af21804b31b9f910c1911dc54852259d7ff0ee6f6dc61cd22a8721a48da08d
nominal,FTP3,1-1,1063,28.156440159375002,18020.121702,2,2,1,2,1.0,0.5,54.0119595,"[103.023919,5.0]",e098b766d5bfca71e94280a5c03d3a5f02f9f38d7bf3161d3387d69ef385161b
nominal,FTP3,1-1,1064,48.77388926421875,31215.2891291,5,5,3,4,1.0,0.75,58.7399444,"[110.031284,53.648095,49.848874,48.555822,31.615647]",1ebd58e830a5e7da2f649e7bee3a375c72c64806c58a70e3f76a9d9a1777e1f6
nominal,FTP3,1-2,1001,22.535558145468748,14422.757213099998,2,2,1,2,1.0,0.5,77.053568,"[42.925426,111.18171]",a1bf7adcb932a96e56640395ca94e008b49adc1e9092ec26679a471521061f98
nominal,FTP3,1-2,1002,39.658973353437496,25381.742946199996,2,2,1,2,1.0,0.5,88.1280505,"[100.486307,75.769794]",eca59de46607708a28dd423e9dc4dc37babae6b3e88f215ee03ec89408f10c2d
nominal,FTP3,1-2,1003,22.535558145468748,14422.7572131,2,2,1,1,1.0,1.0,40.511061500000004,"[17.59652,63.425603]",493f33ee73332fd817f87ac99290330db3fddd8b0ea9765090b0480f74118da5
nominal,FTP3,1-2,1004,39.6589733534375,25381.7429462,3,3,0,1,1.0,0.0,100.66647366666666,"[144.597789,106.148211,51.253421]",968658100c735389ddcf5a06d0d532522701cf8276766a6b979154f5f09e09c3
nominal,FTP3,1-2,1005,59.58113856140625,38131.9286793,3,3,1,3,1.0,0.3333333333333333,96.11600133333333,"[63.848673,119.880579,104.618752]",59c9d46e7290b09c5971bde894d2d086681e5ce4d9f1b97654c1368831c931ea
nominal,FTP3,1-2,1006,39.6589733534375,25381.7429462,2,2,1,2,1.0,0.5,93.3360915,"[133.754001,52.918182]",63847dda14eb4b08c92efc7c28073ff8993df7be0aa257a96188495d1a226d2f
nominal,FTP3,1-2,1007,42.77859111375,27378.298312799998,5,5,2,2,1.0,1.0,18.7102958,"[12.672027,5.0,32.919487,20.259467,22.700498]",10126f4513799405c85223d1f5fb1b5b92ce0bca7ebdcebaa591ca53a85e4e7c
nominal,FTP3,1-2,1008,31.452003138124997,20129.282008399998,4,4,2,4,1.0,0.5,97.2998585,"[148.022032,136.48752,99.689882,5.0]",7c9f5dbaac3916a579b2a6ec4b0ec5b9960269d135cdd2a40f6c2d94bf37252c
nominal,FTP3,1-2,1009,57.42770096578124,36753.728618099994,7,7,3,4,1.0,0.75,39.76928542857143,"[67.724992,23.085466,166.139146,5.0,5.0,5.0,6.435394]",bf981d5cde14c3e52a290f5849a833a8388e8cc9d9216a39171751026798be18
nominal,FTP3,1-2,1010,67.88104823453125,43443.8708701,3,3,3,3,1.0,1.0,5.0,"[5.0,5.0,5.0]",c872229107147f24ccb841e3885925308d86a518fa4477da255bdcbfe218b844
nominal,FTP3,1-2,1011,31.025265757812498,19856.170084999998,2,2,1,2,1.0,0.5,85.0570255,"[5.0,165.114051]",892974718f06ac0d8b6a5a6253febde5a7a1c553ddfe2e5cb388365a146ccc7c
nominal,FTP3,1-2,1012,49.614389630625,31753.2093636,3,3,3,3,1.0,1.0,15.068734333333333,"[35.206203,5.0,5.0]",318a5d0ba9036c4f996a23c0b76cb7e34f8e4f02cca3286586c49d422c282085
nominal,FTP3,1-2,1013,62.55904023140626,40037.7857481,5,5,2,4,1.0,0.5,55.413525400000005,"[110.156803,5.0,5.0,151.910824,5.0]",d074281e15ceffb35beb91e935815e8c0b330c5b2175ac7d1a42e416022b169f
nominal,FTP3,1-2,1014,64.25145106140624,41120.9286793,4,4,2,3,1.0,0.6666666666666666,70.441081,"[160.82967,54.330457,24.710146,41.894051]",460cc6e7693b7961e022bf1312ca5187ecff05f4c5f3f70db5f6eaaac1f309c6
nominal,FTP3,1-2,1015,31.519735757812498,20172.630885,5,5,2,4,1.0,0.5,82.1705434,"[126.450175,73.43715,5.0,144.274504,61.690888]",e95bfe7f27d2b941b39d267bcb0dbd61fecf329415cc161d4d84a25631be7454
nominal,FTP3,1-2,1016,63.70970599703126,40774.211838100004,5,5,4,4,1.0,1.0,32.8828218,"[60.378063,59.267096,11.645327,5.0,28.123623]",20cd8c88d4abb5a981c10d492553478eabf71c1251284fea91487a830b81dedb
nominal,FTP3,1-2,1017,44.20347520109375,28290.2241287,5,5,3,4,1.0,0.75,48.2766054,"[142.652781,16.571246,5.0,5.0,72.159]",58d440235b422a228c001f61add8efbb608dfc221a30b1f2fe464db0f842609b
nominal,FTP3,1-2,1018,50.7140626190625,32457.0000762,3,3,2,3,1.0,0.6666666666666666,78.42812400000001,"[5.0,92.886115,137.398257]",d06d134792ee183239770fc53ac6104b45a70f0627731bf98f75191e524336cb
nominal,FTP3,1-2,1019,26.69890638515625,17087.3000865,2,2,1,2,1.0,0.5,82.8326315,"[52.253043,113.41222]",f28c84e3a0d834bc44c717af439d53359d5193fbc641cc81e0b8a219ca7c49e6
nominal,FTP3,1-2,1020,31.938166195312498,20440.426365,2,2,1,2,1.0,0.5,57.0264975,"[109.052995,5.0]",2ac928155b097c419d45a874fd367644087ce81803782eb25604546062f1bdb7
nominal,FTP3,1-2,1021,5.4121429375,3463.77148,0,0,0,0,,,,[],4f53cda18c2baa0c0354bb5f9a3ecbe5ed12ab4d8e11ba873c2f11161202b945
nominal,FTP3,1-2,1022,44.3292858534375,28370.742946199996,1,1,1,1,1.0,1.0,90.829184,[90.829184],3df3ef06ed79ba25f349d943bb267450282d03f3309b90116e1a952fa99763c2
nominal,FTP3,1-2,1023,22.535558145468748,14422.757213099998,2,2,0,1,1.0,0.0,75.2832835,"[105.849721,44.716846]",bcb31431de15a2bd3d368ef2b949a13709b33bf0ce583c881398daf3f2846cbd
nominal,FTP3,1-2,1024,55.233580363906256,35349.4914329,4,4,3,4,1.0,0.75,68.137441,"[136.332829,40.935251,5.0,90.281684]",dea3b0c6d8e4467a72a08ba08b5386f8542b5150b4b90dc4190923d74da8e8d9
nominal,FTP3,1-2,1025,73.41469177484376,46985.4027359,5,5,5,5,1.0,1.0,17.2427892,"[5.0,5.0,66.213946,5.0,5.0]",e92525f9ac75072ba11f3b70f8ca6db91f4b6cd048475ac576e9fd80be1f46bc
nominal,FTP3,1-2,1026,59.619554674999996,38156.514992,4,4,3,3,1.0,1.0,40.85269475,"[5.0,50.964885,5.0,102.445894]",0c98fab84d296feece9de16748275e8a705d05bf71b336b04a58c0a0f2faa8a0
nominal,FTP3,1-2,1027,5.4121429375,3463.77148,0,0,0,0,,,,[],2933f7db5d16ba37646649fff8e37343c77159c5db417ad31fbd5e13ff39add5
nominal,FTP3,1-2,1028,64.10826434328125,41029.2891797,4,4,3,4,1.0,0.75,51.119221249999995,"[5.0,50.58737,5.0,143.889515]",58d89705ac8ae9a7b635231b37a5657a288ceeed88ac46a635d32403ad57ffa4
nominal,FTP3,1-2,1029,61.058023453124996,39077.13501,5,5,3,4,1.0,0.75,60.38610179999999,"[5.0,155.206224,66.775786,69.948499,5.0]",38b3820a9df1dc23e0be5827bcbe557c65b5be72883abf73d573cdff08d97419
nominal,FTP3,1-2,1030,51.93332406171875,33237.3273995,4,4,2,3,1.0,0.6666666666666666,33.02916,"[5.0,108.375602,5.0,13.741038]",1bda837788b61d5b045e4605e29a40fd643038e4294e6d25e76033020b249565
nominal,FTP3,1-2,1031,41.7892333278125,26745.109329799998,5,5,4,5,1.0,0.8,47.226479,"[78.400536,28.032916,5.0,5.0,119.698943]",be960ba3b433f84023f050471bb4871b8e8a12a71ffd1e15300677a686632a5c
nominal,FTP3,1-2,1032,56.6378126190625,36248.2000762,3,3,2,3,1.0,0.6666666666666666,73.65813833333334,"[5.0,167.268952,48.705463]",d0da9158d3de763d8f2b48ebf25457d543689c3dee90c87144764e9007f5f305
nominal,FTP3,1-2,1033,42.4577233534375,27172.9429462,4,4,2,3,1.0,0.6666666666666666,68.1130425,"[29.028143,24.122208,164.490782,54.811037]",febab708e98ad0b7c35c1b0efc8a5a924f8ac5cfb66e24b17230db698fb28473
nominal,FTP3,1-2,1034,51.69961456328124,33087.75332049999,2,2,1,2,1.0,0.5,53.5773995,"[5.0,102.154799]",560167ac33d72643e33a78d85170eb0de890bf063fa2a2fc049fc2aadc5b7f43
nominal,FTP3,1-2,1035,42.457723353437494,27172.942946199997,3,3,1,3,1.0,0.3333333333333333,89.386506,"[12.327777,129.09086,126.740881]",b4f536e7dfc9a79fee652e04b9be22e2698b18461154f2efabc23d1e2f745462
nominal,FTP3,1-2,1036,29.316849652343752,18762.7837775,3,3,0,2,1.0,0.0,108.80133866666667,"[114.188267,162.435687,49.780062]",eb2c5d253c65a5ccb0be5e6be75b15400562a6c86de3fa59c2ac1e8e4e0aa030
nominal,FTP3,1-2,1037,44.40038561078124,28416.246790899997,4,4,2,4,1.0,0.5,86.7910505,"[158.228411,40.671295,5.0,143.264496]",9e7b392950713ad67a234ed045e2548a89b285da80db41928b4d93f378ff564c
nominal,FTP3,1-2,1038,42.4577233534375,27172.9429462,5,5,1,2,1.0,0.5,85.3840262,"[107.528736,96.205855,106.642324,85.145879,31.397337]",ea4df10e45b2f1e45784e701f3f2a8c49a2f9240e315dee3b166b9e1d05e18e9
nominal,FTP3,1-2,1039,22.535558145468748,14422.757213099998,4,4,0,3,1.0,0.0,161.5257775,"[158.224843,269.193437,123.122753,95.562077]",9c9d424f848103e546bc6c3511a35a18b39950438738d9694fa47b2e7092b338
nominal,FTP3,1-2,1040,39.21409405140625,25097.0201929,5,5,4,5,1.0,0.8,39.086325,"[124.522571,55.909054,5.0,5.0,5.0]",b40a5b7d10b4d5f2a18817a3560ecda7178d5a26d6eb8d206f401cace7b53a49
nominal,FTP3,1-2,1041,33.59064741109375,21498.0143431,2,2,1,2,1.0,0.5,77.5320015,"[150.064003,5.0]",404c1fccf6d43aa3b7b617452742d60ad877ca5f9ac5c2113348c6760c2daf1b
nominal,FTP3,1-2,1042,48.83287646578125,31253.0409381,3,3,3,3,1.0,1.0,22.678778333333337,"[30.90142,32.134915,5.0]",2bec0699f03c9f7563772cd68847fa03999bf7ae91da9dfbca4ad8e88ad4cd17
nominal,FTP3,1-2,1043,49.94145096578125,31962.5286181,3,3,2,2,1.0,1.0,20.707319666666667,"[23.781982,33.339977,5.0]",56061610bac26b4d6e3a513014ed78f5d94dd93d5c3e268b60f606773ca23afc
nominal,FTP3,1-2,1044,52.14972848140625,33375.8262281,3,3,3,3,1.0,1.0,32.711774,"[5.0,5.0,88.135322]",2d32de9af6ad701c9face1164d6530483980ac005f3ba132ef3f4d391483f7c5
nominal,FTP3,1-2,1045,5.4121429375,3463.77148,1,1,0,0,1.0,,43.80862,[43.80862],bf185a1ea3f37ea7cea984c05cbd3903e3c5b77530fc8280cb37be21b2e0bfea
nominal,FTP3,1-2,1046,32.6905522578125,20921.953445,3,3,3,3,1.0,1.0,32.62451866666667,"[66.764241,26.109315,5.0]",c07e5c427da6afa28bd48459330c67537bbf688a5e938b38a8b4b274cd49774b
nominal,FTP3,1-2,1047,22.535558145468748,14422.7572131,2,2,1,1,1.0,1.0,56.10635550000001,"[13.606541,98.60617]",472696e3d25c98c02851c24b50bd64b8422d9cb0517a73725d45073af6946a74
nominal,FTP3,1-2,1048,26.701907072968748,17089.2205267,2,2,0,2,1.0,0.0,140.87206,"[164.905502,116.838618]",9fc8ed31605ce3534e59c6f025b8d137d4befd9516eb812ca8e6d24d770a0f73
nominal,FTP3,1-2,1049,22.535558145468748,14422.757213099998,1,1,0,0,1.0,,32.272298,[32.272298],22c3fdba0d5d053266cd9b770558ee7585ebea2d9da62bc6de399b52e3851734
nominal,FTP3,1-2,1050,31.051919798750003,19873.228671200002,3,3,0,2,1.0,0.0,110.80294733333334,"[162.832016,134.427267,35.149559]",27af86737e0469321f323584f65822f35b44e019039ea8eae5b3e0299320ca1b
nominal,FTP3,1-2,1051,25.33430814546875,16213.9572131,2,2,2,2,1.0,1.0,62.5370245,"[74.791373,50.282676]",72feda41bae0824b7f368d6b0c90f63abc2e0c0d2b44b024c419d2603420a3a8
nominal,FTP3,1-2,1052,5.4121429375,3463.77148,0,0,0,0,,,,[],4214349a714dfecd14ebdd583ffcc0988e69816eafbc1dfaf3b9c4f018011330
nominal,FTP3,1-2,1053,39.6589733534375,25381.7429462,2,2,1,2,1.0,0.5,90.42785850000001,"[164.139156,16.716561]",4141643e4333147fe5a140d667558a1920eda49af67cc4f25e2956f7a0bcde98
nominal,FTP3,1-2,1054,44.33106137140625,28371.8792777,1,1,1,1,1.0,1.0,5.0,[5.0],c3f8b1251016df5826dce25f71c7c5dfb2b774504ec26252e8703fe71af3b440
nominal,FTP3,1-2,1055,25.334308145468746,16213.957213099999,3,3,0,3,1.0,0.0,138.033278,"[142.75799,141.164021,130.177823]",612a648e6c39a29fa1d10fad47162893fd01950836ee02dd77989843a1e77568
nominal,FTP3,1-2,1056,59.60557871093751,38147.570375,6,6,4,6,1.0,0.6666666666666666,53.959277500000006,"[119.755526,29.051551,5.0,5.0,5.000001,159.948587]",9c9e677e544d8373471ed9300a93ed55560543892ed3472660570e05ecdd124b
nominal,FTP3,1-2,1057,78.06824077890624,49963.6740985,6,6,3,4,1.0,0.75,27.876612833333336,"[5.0,130.011898,17.247779,5.0,5.0,5.0]",0435ad5f47bfdbfc124c090a078a0f4768df440516675a419e3fe55ccc05c3ae
nominal,FTP3,1-2,1058,32.12459236015626,20559.739110500002,3,3,1,3,1.0,0.3333333333333333,164.09215766666668,"[298.322531,120.804421,73.149521]",23eb2f3575b79ced8624d8f04fceedce16aba4e4a99eae51778a886e048f6a95
nominal,FTP3,1-2,1059,38.6133912265625,24712.570385,6,6,3,3,1.0,1.0,43.941317833333336,"[66.982043,5.0,5.0,74.500021,65.372381,46.793462]",4f3916bcc25c407e81b2ef6cabae64ebb91a9476751a386282813b9b08c7f0d5
nominal,FTP3,1-2,1060,42.4577233534375,27172.9429462,4,4,0,3,1.0,0.0,119.40715375,"[145.185334,113.200738,142.251735,76.990808]",7b3f0c46b36357116ffd129b08dc1fd4340b8852c9c18a613834d798cedfd3ba
nominal,FTP3,1-2,1061,90.57719821375001,57969.40685680001,6,6,5,5,1.0,1.0,9.797828833333334,"[27.392708,5.0,5.0,5.0,11.394265,5.0]",05481c585458e9625fc0785238f6bad5ed004943a5d452f9c4536f3a9a9760ec
nominal,FTP3,1-2,1062,35.9747522578125,23023.841445,7,7,4,5,1.0,0.8,64.386636,"[126.339086,58.933862,61.477878,65.95186,5.0,77.372406,55.63136]",c4af21804b31b9f910c1911dc54852259d7ff0ee6f6dc61cd22a8721a48da08d
nominal,FTP3,1-2,1063,25.3157259171875,16202.064586999999,2,2,1,2,1.0,0.5,55.797674,"[106.595348,5.0]",e098b766d5bfca71e94280a5c03d3a5f02f9f38d7bf3161d3387d69ef385161b
nominal,FTP3,1-2,1064,48.815451883281256,31241.8892053,5,5,3,4,1.0,0.75,62.3113734,"[113.602713,57.219524,53.420303,52.127251,35.187076]",1ebd58e830a5e7da2f649e7bee3a375c72c64806c58a70e3f76a9d9a1777e1f6
nominal,FTP3,1-3,1001,22.535558145468748,14422.757213099998,2,2,1,2,1.0,0.5,77.053568,"[42.925426,111.18171]",a1bf7adcb932a96e56640395ca94e008b49adc1e9092ec26679a471521061f98
nominal,FTP3,1-3,1002,39.658973353437496,25381.742946199996,2,2,1,2,1.0,0.5,88.1280505,"[100.486307,75.769794]",eca59de46607708a28dd423e9dc4dc37babae6b3e88f215ee03ec89408f10c2d
nominal,FTP3,1-3,1003,22.535558145468748,14422.7572131,2,2,1,1,1.0,1.0,40.511061500000004,"[17.59652,63.425603]",493f33ee73332fd817f87ac99290330db3fddd8b0ea9765090b0480f74118da5
nominal,FTP3,1-3,1004,39.6589733534375,25381.7429462,3,3,0,1,1.0,0.0,100.66647366666666,"[144.597789,106.148211,51.253421]",968658100c735389ddcf5a06d0d532522701cf8276766a6b979154f5f09e09c3
nominal,FTP3,1-3,1005,59.58113856140625,38131.9286793,3,3,1,3,1.0,0.3333333333333333,96.11600133333333,"[63.848673,119.880579,104.618752]",59c9d46e7290b09c5971bde894d2d086681e5ce4d9f1b97654c1368831c931ea
nominal,FTP3,1-3,1006,39.6589733534375,25381.7429462,2,2,1,2,1.0,0.5,93.3360915,"[133.754001,52.918182]",63847dda14eb4b08c92efc7c28073ff8993df7be0aa257a96188495d1a226d2f
nominal,FTP3,1-3,1007,42.77859111375,27378.298312799998,5,5,2,2,1.0,1.0,18.7102958,"[12.672027,5.0,32.919487,20.259467,22.700498]",10126f4513799405c85223d1f5fb1b5b92ce0bca7ebdcebaa591ca53a85e4e7c
nominal,FTP3,1-3,1008,31.452003138124997,20129.282008399998,4,4,2,4,1.0,0.5,97.2998585,"[148.022032,136.48752,99.689882,5.0]",7c9f5dbaac3916a579b2a6ec4b0ec5b9960269d135cdd2a40f6c2d94bf37252c
nominal,FTP3,1-3,1009,57.42770096578124,36753.728618099994,7,7,3,4,1.0,0.75,39.76928542857143,"[67.724992,23.085466,166.139146,5.0,5.0,5.0,6.435394]",bf981d5cde14c3e52a290f5849a833a8388e8cc9d9216a39171751026798be18
nominal,FTP3,1-3,1010,67.88104823453125,43443.8708701,3,3,3,3,1.0,1.0,5.0,"[5.0,5.0,5.0]",c872229107147f24ccb841e3885925308d86a518fa4477da255bdcbfe218b844
nominal,FTP3,1-3,1011,31.025265757812498,19856.170084999998,2,2,1,2,1.0,0.5,85.0570255,"[5.0,165.114051]",892974718f06ac0d8b6a5a6253febde5a7a1c553ddfe2e5cb388365a146ccc7c
nominal,FTP3,1-3,1012,49.614389630625,31753.2093636,3,3,3,3,1.0,1.0,15.068734333333333,"[35.206203,5.0,5.0]",318a5d0ba9036c4f996a23c0b76cb7e34f8e4f02cca3286586c49d422c282085
nominal,FTP3,1-3,1013,62.55904023140626,40037.7857481,5,5,2,4,1.0,0.5,55.413525400000005,"[110.156803,5.0,5.0,151.910824,5.0]",d074281e15ceffb35beb91e935815e8c0b330c5b2175ac7d1a42e416022b169f
nominal,FTP3,1-3,1014,64.25145106140624,41120.9286793,4,4,2,3,1.0,0.6666666666666666,70.441081,"[160.82967,54.330457,24.710146,41.894051]",460cc6e7693b7961e022bf1312ca5187ecff05f4c5f3f70db5f6eaaac1f309c6
nominal,FTP3,1-3,1015,31.519735757812498,20172.630885,5,5,2,4,1.0,0.5,82.1705434,"[126.450175,73.43715,5.0,144.274504,61.690888]",e95bfe7f27d2b941b39d267bcb0dbd61fecf329415cc161d4d84a25631be7454
nominal,FTP3,1-3,1016,63.70970599703126,40774.211838100004,5,5,4,4,1.0,1.0,32.8828218,"[60.378063,59.267096,11.645327,5.0,28.123623]",20cd8c88d4abb5a981c10d492553478eabf71c1251284fea91487a830b81dedb
nominal,FTP3,1-3,1017,44.20347520109375,28290.2241287,5,5,3,4,1.0,0.75,48.2766054,"[142.652781,16.571246,5.0,5.0,72.159]",58d440235b422a228c001f61add8efbb608dfc221a30b1f2fe464db0f842609b
nominal,FTP3,1-3,1018,50.7140626190625,32457.0000762,3,3,2,3,1.0,0.6666666666666666,78.42812400000001,"[5.0,92.886115,137.398257]",d06d134792ee183239770fc53ac6104b45a70f0627731bf98f75191e524336cb
nominal,FTP3,1-3,1019,26.69890638515625,17087.3000865,2,2,1,2,1.0,0.5,82.8326315,"[52.253043,113.41222]",f28c84e3a0d834bc44c717af439d53359d5193fbc641cc81e0b8a219ca7c49e6
nominal,FTP3,1-3,1020,31.938166195312498,20440.426365,2,2,1,2,1.0,0.5,57.0264975,"[109.052995,5.0]",2ac928155b097c419d45a874fd367644087ce81803782eb25604546062f1bdb7
nominal,FTP3,1-3,1021,5.4121429375,3463.77148,0,0,0,0,,,,[],4f53cda18c2baa0c0354bb5f9a3ecbe5ed12ab4d8e11ba873c2f11161202b945
nominal,FTP3,1-3,1022,44.3292858534375,28370.742946199996,1,1,1,1,1.0,1.0,90.829184,[90.829184],3df3ef06ed79ba25f349d943bb267450282d03f3309b90116e1a952fa99763c2
nominal,FTP3,1-3,1023,22.535558145468748,14422.757213099998,2,2,0,1,1.0,0.0,75.2832835,"[105.849721,44.716846]",bcb31431de15a2bd3d368ef2b949a13709b33bf0ce583c881398daf3f2846cbd
nominal,FTP3,1-3,1024,55.233580363906256,35349.4914329,4,4,3,4,1.0,0.75,68.137441,"[136.332829,40.935251,5.0,90.281684]",dea3b0c6d8e4467a72a08ba08b5386f8542b5150b4b90dc4190923d74da8e8d9
nominal,FTP3,1-3,1025,73.41469177484376,46985.4027359,5,5,5,5,1.0,1.0,17.2427892,"[5.0,5.0,66.213946,5.0,5.0]",e92525f9ac75072ba11f3b70f8ca6db91f4b6cd048475ac576e9fd80be1f46bc
nominal,FTP3,1-3,1026,59.619554674999996,38156.514992,4,4,3,3,1.0,1.0,40.85269475,"[5.0,50.964885,5.0,102.445894]",0c98fab84d296feece9de16748275e8a705d05bf71b336b04a58c0a0f2faa8a0
nominal,FTP3,1-3,1027,5.4121429375,3463.77148,0,0,0,0,,,,[],2933f7db5d16ba37646649fff8e37343c77159c5db417ad31fbd5e13ff39add5
nominal,FTP3,1-3,1028,64.10826434328125,41029.2891797,4,4,3,4,1.0,0.75,51.119221249999995,"[5.0,50.58737,5.0,143.889515]",58d89705ac8ae9a7b635231b37a5657a288ceeed88ac46a635d32403ad57ffa4
nominal,FTP3,1-3,1029,61.058023453124996,39077.13501,5,5,3,4,1.0,0.75,60.38610179999999,"[5.0,155.206224,66.775786,69.948499,5.0]",38b3820a9df1dc23e0be5827bcbe557c65b5be72883abf73d573cdff08d97419
nominal,FTP3,1-3,1030,51.93332406171875,33237.3273995,4,4,2,3,1.0,0.6666666666666666,33.02916,"[5.0,108.375602,5.0,13.741038]",1bda837788b61d5b045e4605e29a40fd643038e4294e6d25e76033020b249565
nominal,FTP3,1-3,1031,41.7892333278125,26745.109329799998,5,5,4,5,1.0,0.8,47.226479,"[78.400536,28.032916,5.0,5.0,119.698943]",be960ba3b433f84023f050471bb4871b8e8a12a71ffd1e15300677a686632a5c
nominal,FTP3,1-3,1032,56.6378126190625,36248.2000762,3,3,2,3,1.0,0.6666666666666666,73.65813833333334,"[5.0,167.268952,48.705463]",d0da9158d3de763d8f2b48ebf25457d543689c3dee90c87144764e9007f5f305
nominal,FTP3,1-3,1033,42.4577233534375,27172.9429462,4,4,2,3,1.0,0.6666666666666666,68.1130425,"[29.028143,24.122208,164.490782,54.811037]",febab708e98ad0b7c35c1b0efc8a5a924f8ac5cfb66e24b17230db698fb28473
nominal,FTP3,1-3,1034,51.69961456328124,33087.75332049999,2,2,1,2,1.0,0.5,53.5773995,"[5.0,102.154799]",560167ac33d72643e33a78d85170eb0de890bf063fa2a2fc049fc2aadc5b7f43
nominal,FTP3,1-3,1035,42.457723353437494,27172.942946199997,3,3,1,3,1.0,0.3333333333333333,89.386506,"[12.327777,129.09086,126.740881]",b4f536e7dfc9a79fee652e04b9be22e2698b18461154f2efabc23d1e2f745462
nominal,FTP3,1-3,1036,29.316849652343752,18762.7837775,3,3,0,2,1.0,0.0,108.80133866666667,"[114.188267,162.435687,49.780062]",eb2c5d253c65a5ccb0be5e6be75b15400562a6c86de3fa59c2ac1e8e4e0aa030
nominal,FTP3,1-3,1037,44.40038561078124,28416.246790899997,4,4,2,4,1.0,0.5,86.7910505,"[158.228411,40.671295,5.0,143.264496]",9e7b392950713ad67a234ed045e2548a89b285da80db41928b4d93f378ff564c
nominal,FTP3,1-3,1038,42.4577233534375,27172.9429462,5,5,1,2,1.0,0.5,85.3840262,"[107.528736,96.205855,106.642324,85.145879,31.397337]",ea4df10e45b2f1e45784e701f3f2a8c49a2f9240e315dee3b166b9e1d05e18e9
nominal,FTP3,1-3,1039,22.535558145468748,14422.757213099998,4,4,0,3,1.0,0.0,161.5257775,"[158.224843,269.193437,123.122753,95.562077]",9c9d424f848103e546bc6c3511a35a18b39950438738d9694fa47b2e7092b338
nominal,FTP3,1-3,1040,39.21409405140625,25097.0201929,5,5,4,5,1.0,0.8,39.086325,"[124.522571,55.909054,5.0,5.0,5.0]",b40a5b7d10b4d5f2a18817a3560ecda7178d5a26d6eb8d206f401cace7b53a49
nominal,FTP3,1-3,1041,33.59064741109375,21498.0143431,2,2,1,2,1.0,0.5,77.5320015,"[150.064003,5.0]",404c1fccf6d43aa3b7b617452742d60ad877ca5f9ac5c2113348c6760c2daf1b
nominal,FTP3,1-3,1042,48.83287646578125,31253.0409381,3,3,3,3,1.0,1.0,22.678778333333337,"[30.90142,32.134915,5.0]",2bec0699f03c9f7563772cd68847fa03999bf7ae91da9dfbca4ad8e88ad4cd17
nominal,FTP3,1-3,1043,49.94145096578125,31962.5286181,3,3,2,2,1.0,1.0,20.707319666666667,"[23.781982,33.339977,5.0]",56061610bac26b4d6e3a513014ed78f5d94dd93d5c3e268b60f606773ca23afc
nominal,FTP3,1-3,1044,52.14972848140625,33375.8262281,3,3,3,3,1.0,1.0,32.711774,"[5.0,5.0,88.135322]",2d32de9af6ad701c9face1164d6530483980ac005f3ba132ef3f4d391483f7c5
nominal,FTP3,1-3,1045,5.4121429375,3463.77148,1,1,0,0,1.0,,43.80862,[43.80862],bf185a1ea3f37ea7cea984c05cbd3903e3c5b77530fc8280cb37be21b2e0bfea
nominal,FTP3,1-3,1046,32.6905522578125,20921.953445,3,3,3,3,1.0,1.0,32.62451866666667,"[66.764241,26.109315,5.0]",c07e5c427da6afa28bd48459330c67537bbf688a5e938b38a8b4b274cd49774b
nominal,FTP3,1-3,1047,22.535558145468748,14422.7572131,2,2,1,1,1.0,1.0,56.10635550000001,"[13.606541,98.60617]",472696e3d25c98c02851c24b50bd64b8422d9cb0517a73725d45073af6946a74
nominal,FTP3,1-3,1048,26.701907072968748,17089.2205267,2,2,0,2,1.0,0.0,140.87206,"[164.905502,116.838618]",9fc8ed31605ce3534e59c6f025b8d137d4befd9516eb812ca8e6d24d770a0f73
nominal,FTP3,1-3,1049,22.535558145468748,14422.757213099998,1,1,0,0,1.0,,32.272298,[32.272298],22c3fdba0d5d053266cd9b770558ee7585ebea2d9da62bc6de399b52e3851734
nominal,FTP3,1-3,1050,31.051919798750003,19873.228671200002,3,3,0,2,1.0,0.0,110.80294733333334,"[162.832016,134.427267,35.149559]",27af86737e0469321f323584f65822f35b44e019039ea8eae5b3e0299320ca1b
nominal,FTP3,1-3,1051,25.33430814546875,16213.9572131,2,2,2,2,1.0,1.0,62.5370245,"[74.791373,50.282676]",72feda41bae0824b7f368d6b0c90f63abc2e0c0d2b44b024c419d2603420a3a8
nominal,FTP3,1-3,1052,5.4121429375,3463.77148,0,0,0,0,,,,[],4214349a714dfecd14ebdd583ffcc0988e69816eafbc1dfaf3b9c4f018011330
nominal,FTP3,1-3,1053,39.6589733534375,25381.7429462,2,2,1,2,1.0,0.5,90.42785850000001,"[164.139156,16.716561]",4141643e4333147fe5a140d667558a1920eda49af67cc4f25e2956f7a0bcde98
nominal,FTP3,1-3,1054,44.33106137140625,28371.8792777,1,1,1,1,1.0,1.0,5.0,[5.0],c3f8b1251016df5826dce25f71c7c5dfb2b774504ec26252e8703fe71af3b440
nominal,FTP3,1-3,1055,25.334308145468746,16213.957213099999,3,3,0,3,1.0,0.0,138.033278,"[142.75799,141.164021,130.177823]",612a648e6c39a29fa1d10fad47162893fd01950836ee02dd77989843a1e77568
nominal,FTP3,1-3,1056,59.60557871093751,38147.570375,6,6,4,6,1.0,0.6666666666666666,53.959277500000006,"[119.755526,29.051551,5.0,5.0,5.000001,159.948587]",9c9e677e544d8373471ed9300a93ed55560543892ed3472660570e05ecdd124b
nominal,FTP3,1-3,1057,78.06824077890624,49963.6740985,6,6,3,4,1.0,0.75,27.876612833333336,"[5.0,130.011898,17.247779,5.0,5.0,5.0]",0435ad5f47bfdbfc124c090a078a0f4768df440516675a419e3fe55ccc05c3ae
nominal,FTP3,1-3,1058,32.12459236015626,20559.739110500002,3,3,1,3,1.0,0.3333333333333333,164.09215766666668,"[298.322531,120.804421,73.149521]",23eb2f3575b79ced8624d8f04fceedce16aba4e4a99eae51778a886e048f6a95
nominal,FTP3,1-3,1059,38.6133912265625,24712.570385,6,6,3,3,1.0,1.0,43.941317833333336,"[66.982043,5.0,5.0,74.500021,65.372381,46.793462]",4f3916bcc25c407e81b2ef6cabae64ebb91a9476751a386282813b9b08c7f0d5
nominal,FTP3,1-3,1060,42.4577233534375,27172.9429462,4,4,0,3,1.0,0.0,119.40715375,"[145.185334,113.200738,142.251735,76.990808]",7b3f0c46b36357116ffd129b08dc1fd4340b8852c9c18a613834d798cedfd3ba
nominal,FTP3,1-3,1061,90.57719821375001,57969.40685680001,6,6,5,5,1.0,1.0,9.797828833333334,"[27.392708,5.0,5.0,5.0,11.394265,5.0]",05481c585458e9625fc0785238f6bad5ed004943a5d452f9c4536f3a9a9760ec
nominal,FTP3,1-3,1062,35.9747522578125,23023.841445,7,7,4,5,1.0,0.8,64.386636,"[126.339086,58.933862,61.477878,65.95186,5.0,77.372406,55.63136]",c4af21804b31b9f910c1911dc54852259d7ff0ee6f6dc61cd22a8721a48da08d
nominal,FTP3,1-3,1063,25.3157259171875,16202.064586999999,2,2,1,2,1.0,0.5,55.797674,"[106.595348,5.0]",e098b766d5bfca71e94280a5c03d3a5f02f9f38d7bf3161d3387d69ef385161b
nominal,FTP3,1-3,1064,48.815451883281256,31241.8892053,5,5,3,4,1.0,0.75,62.3113734,"[113.602713,57.219524,53.420303,52.127251,35.187076]",1ebd58e830a5e7da2f649e7bee3a375c72c64806c58a70e3f76a9d9a1777e1f6
nominal,FTP3,1-4,1001,19.2446429375,12316.57148,2,2,1,2,1.0,0.5,77.053568,"[42.925426,111.18171]",a1bf7adcb932a96e56640395ca94e008b49adc1e9092ec26679a471521061f98
nominal,FTP3,1-4,1002,36.963392937500004,23656.571480000002,2,2,1,2,1.0,0.5,88.1280505,"[100.486307,75.769794]",eca59de46607708a28dd423e9dc4dc37babae6b3e88f215ee03ec89408f10c2d
nominal,FTP3,1-4,1003,19.2446429375,12316.57148,2,2,1,1,1.0,1.0,40.511061500000004,"[17.59652,63.425603]",493f33ee73332fd817f87ac99290330db3fddd8b0ea9765090b0480f74118da5
nominal,FTP3,1-4,1004,36.963392937500004,23656.571480000002,3,3,0,1,1.0,0.0,100.66647366666666,"[144.597789,106.148211,51.253421]",968658100c735389ddcf5a06d0d532522701cf8276766a6b979154f5f09e09c3
nominal,FTP3,1-4,1005,57.4808929375,36787.77148,3,3,1,3,1.0,0.3333333333333333,96.11600133333333,"[63.848673,119.880579,104.618752]",59c9d46e7290b09c5971bde894d2d086681e5ce4d9f1b97654c1368831c931ea
nominal,FTP3,1-4,1006,36.963392937500004,23656.571480000002,2,2,1,2,1.0,0.5,93.3360915,"[133.754001,52.918182]",63847dda14eb4b08c92efc7c28073ff8993df7be0aa257a96188495d1a226d2f
nominal,FTP3,1-4,1007,40.083010697812504,25653.126846600004,5,5,2,2,1.0,1.0,18.7102958,"[12.672027,5.0,32.919487,20.259467,22.700498]",10126f4513799405c85223d1f5fb1b5b92ce0bca7ebdcebaa591ca53a85e4e7c
nominal,FTP3,1-4,1008,28.16108793015625,18023.0962753,4,4,2,4,1.0,0.5,97.2998585,"[148.022032,136.48752,99.689882,5.0]",7c9f5dbaac3916a579b2a6ec4b0ec5b9960269d135cdd2a40f6c2d94bf37252c
nominal,FTP3,1-4,1009,54.73212054984374,35028.55715189999,7,7,3,4,1.0,0.75,39.76928542857143,"[67.724992,23.085466,166.139146,5.0,5.0,5.0,6.435394]",bf981d5cde14c3e52a290f5849a833a8388e8cc9d9216a39171751026798be18
nominal,FTP3,1-4,1010,66.6145080265625,42633.285137,3,3,3,3,1.0,1.0,5.0,"[5.0,5.0,5.0]",c872229107147f24ccb841e3885925308d86a518fa4477da255bdcbfe218b844
nominal,FTP3,1-4,1011,27.98688285609375,17911.6050279,2,2,1,2,1.0,0.5,85.0570255,"[5.0,165.114051]",892974718f06ac0d8b6a5a6253febde5a7a1c553ddfe2e5cb388365a146ccc7c
nominal,FTP3,1-4,1012,47.33566192265625,30294.8236305,3,3,3,3,1.0,1.0,15.068734333333333,"[35.206203,5.0,5.0]",318a5d0ba9036c4f996a23c0b76cb7e34f8e4f02cca3286586c49d422c282085
nominal,FTP3,1-4,1013,60.87564731546875,38960.4142819,5,5,2,4,1.0,0.5,55.413525400000005,"[110.156803,5.0,5.0,151.910824,5.0]",d074281e15ceffb35beb91e935815e8c0b330c5b2175ac7d1a42e416022b169f
nominal,FTP3,1-4,1014,62.151205437499996,39776.771479999996,4,4,2,3,1.0,0.6666666666666666,70.441081,"[160.82967,54.330457,24.710146,41.894051]",460cc6e7693b7961e022bf1312ca5187ecff05f4c5f3f70db5f6eaaac1f309c6
nominal,FTP3,1-4,1015,28.22903076859375,18066.5796919,5,5,2,4,1.0,0.5,82.1705434,"[126.450175,73.43715,5.0,144.274504,61.690888]",e95bfe7f27d2b941b39d267bcb0dbd61fecf329415cc161d4d84a25631be7454
nominal,FTP3,1-4,1016,61.60946037312501,39430.05463880001,5,5,4,4,1.0,1.0,32.8828218,"[60.378063,59.267096,11.645327,5.0,28.123623]",20cd8c88d4abb5a981c10d492553478eabf71c1251284fea91487a830b81dedb
nominal,FTP3,1-4,1017,41.924747493125,26831.8383956,5,5,3,4,1.0,0.75,48.2766054,"[142.652781,16.571246,5.0,5.0,72.159]",58d440235b422a228c001f61add8efbb608dfc221a30b1f2fe464db0f842609b
nominal,FTP3,1-4,1018,49.030669703125,31379.62861,3,3,2,3,1.0,0.6666666666666666,78.42812400000001,"[5.0,92.886115,137.398257]",d06d134792ee183239770fc53ac6104b45a70f0627731bf98f75191e524336cb
nominal,FTP3,1-4,1019,24.4201786771875,15628.9143534,2,2,1,2,1.0,0.5,82.8326315,"[52.253043,113.41222]",f28c84e3a0d834bc44c717af439d53359d5193fbc641cc81e0b8a219ca7c49e6
nominal,FTP3,1-4,1020,29.209301691093753,18693.953082300002,2,2,1,2,1.0,0.5,57.0264975,"[109.052995,5.0]",2ac928155b097c419d45a874fd367644087ce81803782eb25604546062f1bdb7
nominal,FTP3,1-4,1021,1.5258929374999999,976.57148,0,0,0,0,,,,[],4f53cda18c2baa0c0354bb5f9a3ecbe5ed12ab4d8e11ba873c2f11161202b945
nominal,FTP3,1-4,1022,41.633705437500005,26645.571480000002,1,1,1,1,1.0,1.0,90.829184,[90.829184],3df3ef06ed79ba25f349d943bb267450282d03f3309b90116e1a952fa99763c2
nominal,FTP3,1-4,1023,19.2446429375,12316.57148,2,2,0,1,1.0,0.0,75.2832835,"[105.849721,44.716846]",bcb31431de15a2bd3d368ef2b949a13709b33bf0ce583c881398daf3f2846cbd
nominal,FTP3,1-4,1024,53.550187447968746,34272.1199667,4,4,3,4,1.0,0.75,68.137441,"[136.332829,40.935251,5.0,90.281684]",dea3b0c6d8e4467a72a08ba08b5386f8542b5150b4b90dc4190923d74da8e8d9
nominal,FTP3,1-4,1025,72.74348635890625,46555.8312697,5,5,5,5,1.0,1.0,17.2427892,"[5.0,5.0,66.213946,5.0,5.0]",e92525f9ac75072ba11f3b70f8ca6db91f4b6cd048475ac576e9fd80be1f46bc
nominal,FTP3,1-4,1026,57.9361617590625,37079.1435258,4,4,3,3,1.0,1.0,40.85269475,"[5.0,50.964885,5.0,102.445894]",0c98fab84d296feece9de16748275e8a705d05bf71b336b04a58c0a0f2faa8a0
nominal,FTP3,1-4,1027,1.5258929374999999,976.57148,0,0,0,0,,,,[],2933f7db5d16ba37646649fff8e37343c77159c5db417ad31fbd5e13ff39add5
nominal,FTP3,1-4,1028,62.00801871937499,39685.131980399994,4,4,3,4,1.0,0.75,51.119221249999995,"[5.0,50.58737,5.0,143.889515]",58d89705ac8ae9a7b635231b37a5657a288ceeed88ac46a635d32403ad57ffa4
nominal,FTP3,1-4,1029,58.49729092015625,37438.2661889,5,5,3,4,1.0,0.75,60.38610179999999,"[5.0,155.206224,66.775786,69.948499,5.0]",38b3820a9df1dc23e0be5827bcbe557c65b5be72883abf73d573cdff08d97419
nominal,FTP3,1-4,1030,49.40556892796875,31619.5641139,4,4,2,3,1.0,0.6666666666666666,33.02916,"[5.0,108.375602,5.0,13.741038]",1bda837788b61d5b045e4605e29a40fd643038e4294e6d25e76033020b249565
nominal,FTP3,1-4,1031,39.51050561984375,25286.723596699998,5,5,4,5,1.0,0.8,47.226479,"[78.400536,28.032916,5.0,5.0,119.698943]",be960ba3b433f84023f050471bb4871b8e8a12a71ffd1e15300677a686632a5c
nominal,FTP3,1-4,1032,54.954419703125005,35170.828610000004,3,3,2,3,1.0,0.6666666666666666,73.65813833333334,"[5.0,167.268952,48.705463]",d0da9158d3de763d8f2b48ebf25457d543689c3dee90c87144764e9007f5f305
nominal,FTP3,1-4,1033,39.7621429375,25447.77148,4,4,2,3,1.0,0.6666666666666666,68.1130425,"[29.028143,24.122208,164.490782,54.811037]",febab708e98ad0b7c35c1b0efc8a5a924f8ac5cfb66e24b17230db698fb28473
nominal,FTP3,1-4,1034,50.01622164734375,32010.381854299998,2,2,1,2,1.0,0.5,53.5773995,"[5.0,102.154799]",560167ac33d72643e33a78d85170eb0de890bf063fa2a2fc049fc2aadc5b7f43
nominal,FTP3,1-4,1035,39.7621429375,25447.77148,3,3,1,3,1.0,0.3333333333333333,89.386506,"[12.327777,129.09086,126.740881]",b4f536e7dfc9a79fee652e04b9be22e2698b18461154f2efabc23d1e2f745462
nominal,FTP3,1-4,1036,27.038121944375,17304.3980444,3,3,0,2,1.0,0.0,108.80133866666667,"[114.188267,162.435687,49.780062]",eb2c5d253c65a5ccb0be5e6be75b15400562a6c86de3fa59c2ac1e8e4e0aa030
nominal,FTP3,1-4,1037,41.70480519484375,26691.0753247,4,4,2,4,1.0,0.5,86.7910505,"[158.228411,40.671295,5.0,143.264496]",9e7b392950713ad67a234ed045e2548a89b285da80db41928b4d93f378ff564c
nominal,FTP3,1-4,1038,39.7621429375,25447.771480000003,5,5,1,2,1.0,0.5,85.3840262,"[107.528736,96.205855,106.642324,85.145879,31.397337]",ea4df10e45b2f1e45784e701f3f2a8c49a2f9240e315dee3b166b9e1d05e18e9
nominal,FTP3,1-4,1039,19.2446429375,12316.57148,4,4,0,3,1.0,0.0,161.5257775,"[158.224843,269.193437,123.122753,95.562077]",9c9d424f848103e546bc6c3511a35a18b39950438738d9694fa47b2e7092b338
nominal,FTP3,1-4,1040,36.9353663434375,23638.6344598,5,5,4,5,1.0,0.8,39.086325,"[124.522571,55.909054,5.0,5.0,5.0]",b40a5b7d10b4d5f2a18817a3560ecda7178d5a26d6eb8d206f401cace7b53a49
nominal,FTP3,1-4,1041,31.311919703125,20039.62861,2,2,1,2,1.0,0.5,77.5320015,"[150.064003,5.0]",404c1fccf6d43aa3b7b617452742d60ad877ca5f9ac5c2113348c6760c2daf1b
nominal,FTP3,1-4,1042,45.87539532421875,29360.2530075,3,3,3,3,1.0,1.0,22.678778333333337,"[30.90142,32.134915,5.0]",2bec0699f03c9f7563772cd68847fa03999bf7ae91da9dfbca4ad8e88ad4cd17
nominal,FTP3,1-4,1043,47.24587054984375,30237.3571519,3,3,2,2,1.0,1.0,20.707319666666667,"[23.781982,33.339977,5.0]",56061610bac26b4d6e3a513014ed78f5d94dd93d5c3e268b60f606773ca23afc
nominal,FTP3,1-4,1044,49.98678343703125,31991.5413997,3,3,3,3,1.0,1.0,32.711774,"[5.0,5.0,88.135322]",2d32de9af6ad701c9face1164d6530483980ac005f3ba132ef3f4d391483f7c5
nominal,FTP3,1-4,1045,1.5258929374999999,976.57148,1,1,0,0,1.0,,43.80862,[43.80862],bf185a1ea3f37ea7cea984c05cbd3903e3c5b77530fc8280cb37be21b2e0bfea
nominal,FTP3,1-4,1046,29.00037844796875,18560.2422067,3,3,3,3,1.0,1.0,32.62451866666667,"[66.764241,26.109315,5.0]",c07e5c427da6afa28bd48459330c67537bbf688a5e938b38a8b4b274cd49774b
nominal,FTP3,1-4,1047,19.2446429375,12316.57148,2,2,1,1,1.0,1.0,56.10635550000001,"[13.606541,98.60617]",472696e3d25c98c02851c24b50bd64b8422d9cb0517a73725d45073af6946a74
nominal,FTP3,1-4,1048,24.423179365,15630.8347936,2,2,0,2,1.0,0.0,140.87206,"[164.905502,116.838618]",9fc8ed31605ce3534e59c6f025b8d137d4befd9516eb812ca8e6d24d770a0f73
nominal,FTP3,1-4,1049,19.2446429375,12316.57148,1,1,0,0,1.0,,32.272298,[32.272298],22c3fdba0d5d053266cd9b770558ee7585ebea2d9da62bc6de399b52e3851734
nominal,FTP3,1-4,1050,28.773192090781254,18414.842938100002,3,3,0,2,1.0,0.0,110.80294733333334,"[162.832016,134.427267,35.149559]",27af86737e0469321f323584f65822f35b44e019039ea8eae5b3e0299320ca1b
nominal,FTP3,1-4,1051,22.043392937500002,14107.771480000001,2,2,2,2,1.0,1.0,62.5370245,"[74.791373,50.282676]",72feda41bae0824b7f368d6b0c90f63abc2e0c0d2b44b024c419d2603420a3a8
nominal,FTP3,1-4,1052,1.5258929374999999,976.57148,0,0,0,0,,,,[],4214349a714dfecd14ebdd583ffcc0988e69816eafbc1dfaf3b9c4f018011330
nominal,FTP3,1-4,1053,36.963392937500004,23656.571480000002,2,2,1,2,1.0,0.5,90.42785850000001,"[164.139156,16.716561]",4141643e4333147fe5a140d667558a1920eda49af67cc4f25e2956f7a0bcde98
nominal,FTP3,1-4,1054,42.0523336634375,26913.4935446,1,1,1,1,1.0,1.0,5.0,[5.0],c3f8b1251016df5826dce25f71c7c5dfb2b774504ec26252e8703fe71af3b440
nominal,FTP3,1-4,1055,22.043392937500002,14107.771480000001,3,3,0,3,1.0,0.0,138.033278,"[142.75799,141.164021,130.177823]",612a648e6c39a29fa1d10fad47162893fd01950836ee02dd77989843a1e77568
nominal,FTP3,1-4,1056,57.6226993628125,36878.5275922,6,6,4,6,1.0,0.6666666666666666,53.959277500000006,"[119.755526,29.051551,5.0,5.0,5.000001,159.948587]",9c9e677e544d8373471ed9300a93ed55560543892ed3472660570e05ecdd124b
nominal,FTP3,1-4,1057,75.96799515500001,48619.5168992,6,6,3,4,1.0,0.75,27.876612833333336,"[5.0,130.011898,17.247779,5.0,5.0,5.0]",0435ad5f47bfdbfc124c090a078a0f4768df440516675a419e3fe55ccc05c3ae
nominal,FTP3,1-4,1058,29.845864652187498,19101.3533774,3,3,1,3,1.0,0.3333333333333333,164.09215766666668,"[298.322531,120.804421,73.149521]",23eb2f3575b79ced8624d8f04fceedce16aba4e4a99eae51778a886e048f6a95
nominal,FTP3,1-4,1059,36.33466351859376,23254.184651900003,6,6,3,3,1.0,1.0,43.941317833333336,"[66.982043,5.0,5.0,74.500021,65.372381,46.793462]",4f3916bcc25c407e81b2ef6cabae64ebb91a9476751a386282813b9b08c7f0d5
nominal,FTP3,1-4,1060,39.7621429375,25447.771480000003,4,4,0,3,1.0,0.0,119.40715375,"[145.185334,113.200738,142.251735,76.990808]",7b3f0c46b36357116ffd129b08dc1fd4340b8852c9c18a613834d798cedfd3ba
nominal,FTP3,1-4,1061,89.48914008984376,57273.04965750001,6,6,5,5,1.0,1.0,9.797828833333334,"[27.392708,5.0,5.0,5.0,11.394265,5.0]",05481c585458e9625fc0785238f6bad5ed004943a5d452f9c4536f3a9a9760ec
nominal,FTP3,1-4,1062,32.998263666718756,21118.888746700002,7,7,4,5,1.0,0.8,64.386636,"[126.339086,58.933862,61.477878,65.95186,5.0,77.372406,55.63136]",c4af21804b31b9f910c1911dc54852259d7ff0ee6f6dc61cd22a8721a48da08d
nominal,FTP3,1-4,1063,22.024810709218748,14095.8788539,2,2,1,2,1.0,0.5,55.797674,"[106.595348,5.0]",e098b766d5bfca71e94280a5c03d3a5f02f9f38d7bf3161d3387d69ef385161b
nominal,FTP3,1-4,1064,47.13205896734375,30164.5177391,5,5,3,4,1.0,0.75,62.3113734,"[113.602713,57.219524,53.420303,52.127251,35.187076]",1ebd58e830a5e7da2f649e7bee3a375c72c64806c58a70e3f76a9d9a1777e1f6
nominal,FTP3,1-5,1001,15.12653021390625,9680.9793369,2,2,2,2,1.0,1.0,18.553568,"[19.425426,17.68171]",a1bf7adcb932a96e56640395ca94e008b49adc1e9092ec26679a471521061f98
nominal,FTP3,1-5,1002,20.2698673203125,12972.715085,2,2,2,2,1.0,1.0,17.1280505,"[16.986307,17.269794]",eca59de46607708a28dd423e9dc4dc37babae6b3e88f215ee03ec89408f10c2d
nominal,FTP3,1-5,1003,19.08032489546875,12211.4079331,2,2,1,1,1.0,1.0,19.5110615,"[19.09652,19.925603]",493f33ee73332fd817f87ac99290330db3fddd8b0ea9765090b0480f74118da5
nominal,FTP3,1-5,1004,23.11359496875,14792.700780000001,3,3,1,1,1.0,1.0,17.166473666666665,"[16.097789,17.648211,17.753421]",968658100c735389ddcf5a06d0d532522701cf8276766a6b979154f5f09e09c3
nominal,FTP3,1-5,1005,18.647300624999996,11934.272399999998,3,3,3,3,1.0,1.0,12.243084333333334,"[15.348673,16.380579,5.000001]",59c9d46e7290b09c5971bde894d2d086681e5ce4d9f1b97654c1368831c931ea
nominal,FTP3,1-5,1006,17.792724404375,11387.3436188,2,2,2,2,1.0,1.0,17.336091500000002,"[15.254001,19.418182]",63847dda14eb4b08c92efc7c28073ff8993df7be0aa257a96188495d1a226d2f
nominal,FTP3,1-5,1007,17.4699787265625,11180.786385,5,5,2,2,1.0,1.0,12.195017,"[19.172027,6.423606,19.419487,6.759467,9.200498]",10126f4513799405c85223d1f5fb1b5b92ce0bca7ebdcebaa591ca53a85e4e7c
nominal,FTP3,1-5,1008,24.239733328125,15513.429329999999,4,4,4,4,1.0,1.0,15.70828925,"[19.522032,7.98752,16.189882,19.133723]",7c9f5dbaac3916a579b2a6ec4b0ec5b9960269d135cdd2a40f6c2d94bf37252c
nominal,FTP3,1-5,1009,34.94298088765625,22363.5077681,7,7,4,4,1.0,1.0,19.044507285714285,"[19.224992,19.585466,17.639146,19.993974,16.840329,19.296125,20.731519]",bf981d5cde14c3e52a290f5849a833a8388e8cc9d9216a39171751026798be18
nominal,FTP3,1-5,1010,21.567746874999997,13803.357999999998,3,3,3,3,1.0,1.0,16.741932666666667,"[18.292254,16.682274,15.25127]",c872229107147f24ccb841e3885925308d86a518fa4477da255bdcbfe218b844
nominal,FTP3,1-5,1011,15.53650793453125,9943.3650781,2,2,2,2,1.0,1.0,18.326320000000003,"[20.038589,16.614051]",892974718f06ac0d8b6a5a6253febde5a7a1c553ddfe2e5cb388365a146ccc7c
nominal,FTP3,1-5,1012,20.354833840781247,13027.093658099999,3,3,3,3,1.0,1.0,12.558225333333333,"[16.706203,15.968473,5.0]",318a5d0ba9036c4f996a23c0b76cb7e34f8e4f02cca3286586c49d422c282085
nominal,FTP3,1-5,1013,30.823862742187497,19727.272155,5,5,4,4,1.0,1.0,17.6121916,"[16.656803,19.309,15.250665,18.410824,18.433666]",d074281e15ceffb35beb91e935815e8c0b330c5b2175ac7d1a42e416022b169f
nominal,FTP3,1-5,1014,25.926329237343747,16592.8507119,4,4,3,3,1.0,1.0,16.941081,"[17.32967,15.830457,16.210146,18.394051]",460cc6e7693b7961e022bf1312ca5187ecff05f4c5f3f70db5f6eaaac1f309c6
nominal,FTP3,1-5,1015,33.26148548734375,21287.3507119,5,5,4,4,1.0,1.0,19.0871092,"[17.950175,19.93715,18.582829,20.774504,18.190888]",e95bfe7f27d2b941b39d267bcb0dbd61fecf329415cc161d4d84a25631be7454
nominal,FTP3,1-5,1016,28.206425588906246,18052.112376899997,5,5,4,4,1.0,1.0,15.0828218,"[16.878063,15.767096,18.145327,5.0,19.623623]",20cd8c88d4abb5a981c10d492553478eabf71c1251284fea91487a830b81dedb
nominal,FTP3,1-5,1017,35.1692645078125,22508.329285,5,5,4,4,1.0,1.0,18.4099034,"[19.152781,18.071246,16.121594,20.044896,18.659]",58d440235b422a228c001f61add8efbb608dfc221a30b1f2fe464db0f842609b
nominal,FTP3,1-5,1018,22.677233328125,14513.429329999999,3,3,3,3,1.0,1.0,19.384417,"[19.868879,19.386115,18.898257]",d06d134792ee183239770fc53ac6104b45a70f0627731bf98f75191e524336cb
nominal,FTP3,1-5,1019,17.44045879203125,11161.8936269,2,2,2,2,1.0,1.0,19.3326315,"[18.753043,19.91222]",f28c84e3a0d834bc44c717af439d53359d5193fbc641cc81e0b8a219ca7c49e6
nominal,FTP3,1-5,1020,15.697367296875,10046.31507,2,2,2,2,1.0,1.0,16.340544,"[15.552995,17.128093]",2ac928155b097c419d45a874fd367644087ce81803782eb25604546062f1bdb7
nominal,FTP3,1-5,1021,7.5507378828125,4832.472245,0,0,0,0,,,,[],4f53cda18c2baa0c0354bb5f9a3ecbe5ed12ab4d8e11ba873c2f11161202b945
nominal,FTP3,1-5,1022,14.346976872031252,9182.065198100001,1,1,1,1,1.0,1.0,17.329184,[17.329184],3df3ef06ed79ba25f349d943bb267450282d03f3309b90116e1a952fa99763c2
nominal,FTP3,1-5,1023,19.42190967484375,12430.0221919,2,2,1,1,1.0,1.0,16.7832835,"[17.349721,16.216846]",bcb31431de15a2bd3d368ef2b949a13709b33bf0ce583c881398daf3f2846cbd
nominal,FTP3,1-5,1024,26.694007864218747,17084.1650331,4,4,4,4,1.0,1.0,17.85359025,"[17.832829,17.435251,19.364597,16.781684]",dea3b0c6d8e4467a72a08ba08b5386f8542b5150b4b90dc4190923d74da8e8d9
nominal,FTP3,1-5,1025,30.685346910468752,19638.6220227,5,5,5,5,1.0,1.0,12.4876256,"[9.560209,5.0,17.713946,16.801946,13.362027]",e92525f9ac75072ba11f3b70f8ca6db91f4b6cd048475ac576e9fd80be1f46bc
nominal,FTP3,1-5,1026,25.047858351562496,16030.629344999998,4,4,3,3,1.0,1.0,17.251039249999998,"[16.28809,17.464885,16.305288,18.945894]",0c98fab84d296feece9de16748275e8a705d05bf71b336b04a58c0a0f2faa8a0
nominal,FTP3,1-5,1027,5.07380714546875,3247.2365731,0,0,0,0,,,,[],2933f7db5d16ba37646649fff8e37343c77159c5db417ad31fbd5e13ff39add5
nominal,FTP3,1-5,1028,27.52478908890625,17615.8650169,4,4,4,4,1.0,1.0,17.07306225,"[19.196763,17.08737,16.618601,15.389515]",58d89705ac8ae9a7b635231b37a5657a288ceeed88ac46a635d32403ad57ffa4
nominal,FTP3,1-5,1029,28.28074898921875,18099.6793531,5,5,4,4,1.0,1.0,18.5833054,"[19.02367,16.706224,18.275786,21.448499,17.462348]",38b3820a9df1dc23e0be5827bcbe557c65b5be72883abf73d573cdff08d97419
nominal,FTP3,1-5,1030,21.93574894046875,14038.8793219,4,4,3,3,1.0,1.0,18.20587225,"[17.906975,19.875602,19.799874,15.241038]",1bda837788b61d5b045e4605e29a40fd643038e4294e6d25e76033020b249565
nominal,FTP3,1-5,1031,29.965682028281247,19178.0364981,5,5,5,5,1.0,1.0,17.0475012,"[19.900536,19.532916,18.937214,10.667897,16.198943]",be960ba3b433f84023f050471bb4871b8e8a12a71ffd1e15300677a686632a5c
nominal,FTP3,1-5,1032,23.78022440625,15219.34362,3,3,3,3,1.0,1.0,13.993310666666668,"[18.005517,8.768952,15.205463]",d0da9158d3de763d8f2b48ebf25457d543689c3dee90c87144764e9007f5f305
nominal,FTP3,1-5,1033,23.564376171875004,15081.200750000002,4,4,3,3,1.0,1.0,14.613042499999999,"[15.528143,10.622208,15.990782,16.311037]",febab708e98ad0b7c35c1b0efc8a5a924f8ac5cfb66e24b17230db698fb28473
nominal,FTP3,1-5,1034,15.697367296875,10046.31507,2,2,2,2,1.0,1.0,17.888556,"[17.122313,18.654799]",560167ac33d72643e33a78d85170eb0de890bf063fa2a2fc049fc2aadc5b7f43
nominal,FTP3,1-5,1035,27.64242305953125,17691.1507581,3,3,3,3,1.0,1.0,17.55317266666667,"[18.827777,15.59086,18.240881]",b4f536e7dfc9a79fee652e04b9be22e2698b18461154f2efabc23d1e2f745462
nominal,FTP3,1-5,1036,22.321764578125002,14285.92933,3,3,2,2,1.0,1.0,16.968005333333334,"[15.688267,18.935687,16.280062]",eb2c5d253c65a5ccb0be5e6be75b15400562a6c86de3fa59c2ac1e8e4e0aa030
nominal,FTP3,1-5,1037,27.148561393593745,17375.079291899998,4,4,4,4,1.0,1.0,18.148219750000003,"[19.728411,17.171295,15.928677,19.764496]",9e7b392950713ad67a234ed045e2548a89b285da80db41928b4d93f378ff564c
nominal,FTP3,1-5,1038,24.162423418906247,15463.950988099998,5,5,2,2,1.0,1.0,13.5548506,"[19.028736,7.705855,18.142324,5.000001,17.897337]",ea4df10e45b2f1e45784e701f3f2a8c49a2f9240e315dee3b166b9e1d05e18e9
nominal,FTP3,1-5,1039,23.534934523437503,15062.358095000001,4,4,3,3,1.0,1.0,15.010258499999999,"[19.724843,15.693437,19.622753,5.000001]",9c9d424f848103e546bc6c3511a35a18b39950438738d9694fa47b2e7092b338
nominal,FTP3,1-5,1040,26.602713206093746,17025.736451899997,5,5,5,5,1.0,1.0,16.2793666,"[16.022571,17.409054,18.182346,12.339544,17.443318]",b40a5b7d10b4d5f2a18817a3560ecda7178d5a26d6eb8d206f401cace7b53a49
nominal,FTP3,1-5,1041,17.6350681796875,11286.443635,2,2,2,2,1.0,1.0,17.406816499999998,"[16.564003,18.24963]",404c1fccf6d43aa3b7b617452742d60ad877ca5f9ac5c2113348c6760c2daf1b
nominal,FTP3,1-5,1042,18.715157445312496,11977.700764999998,3,3,3,3,1.0,1.0,18.325453333333332,"[17.40142,18.634915,18.940025]",2bec0699f03c9f7563772cd68847fa03999bf7ae91da9dfbca4ad8e88ad4cd17
nominal,FTP3,1-5,1043,20.435581539062497,13078.772184999998,3,3,2,2,1.0,1.0,17.589799666666668,"[15.281982,19.839977,17.64744]",56061610bac26b4d6e3a513014ed78f5d94dd93d5c3e268b60f606773ca23afc
nominal,FTP3,1-5,1044,24.422434210937496,15630.357894999997,3,3,3,3,1.0,1.0,17.197023333333334,"[19.398821,12.556927,19.635322]",2d32de9af6ad701c9face1164d6530483980ac005f3ba132ef3f4d391483f7c5
nominal,FTP3,1-5,1045,10.85981151078125,6950.2793669,1,1,0,0,1.0,,15.30862,[15.30862],bf185a1ea3f37ea7cea984c05cbd3903e3c5b77530fc8280cb37be21b2e0bfea
nominal,FTP3,1-5,1046,19.67811511421875,12593.993673099998,3,3,3,3,1.0,1.0,18.154951,"[18.264241,17.609315,18.591297]",c07e5c427da6afa28bd48459330c67537bbf688a5e938b38a8b4b274cd49774b
nominal,FTP3,1-5,1047,22.482769015625,14388.97217,2,2,1,1,1.0,1.0,15.1063555,"[15.106541,15.10617]",472696e3d25c98c02851c24b50bd64b8422d9cb0517a73725d45073af6946a74
nominal,FTP3,1-5,1048,17.474208817343747,11183.493643099999,2,2,2,2,1.0,1.0,17.372059999999998,"[16.405502,18.338618]",9fc8ed31605ce3534e59c6f025b8d137d4befd9516eb812ca8e6d24d770a0f73
nominal,FTP3,1-5,1049,17.992389718749997,11515.12942,1,1,0,0,1.0,,18.772298,[18.772298],22c3fdba0d5d053266cd9b770558ee7585ebea2d9da62bc6de399b52e3851734
nominal,FTP3,1-5,1050,23.59148553609375,15098.550743099999,3,3,2,2,1.0,1.0,18.969614,"[19.332016,20.927267,16.649559]",27af86737e0469321f323584f65822f35b44e019039ea8eae5b3e0299320ca1b
nominal,FTP3,1-5,1051,17.8443539375,11420.38652,2,2,2,2,1.0,1.0,16.5370245,"[16.291373,16.782676]",72feda41bae0824b7f368d6b0c90f63abc2e0c0d2b44b024c419d2603420a3a8
nominal,FTP3,1-5,1052,9.32757940328125,5969.6508181,0,0,0,0,,,,[],4214349a714dfecd14ebdd583ffcc0988e69816eafbc1dfaf3b9c4f018011330
nominal,FTP3,1-5,1053,16.9817646503125,10868.3293762,2,2,2,2,1.0,1.0,16.9278585,"[15.639156,18.216561]",4141643e4333147fe5a140d667558a1920eda49af67cc4f25e2956f7a0bcde98
nominal,FTP3,1-5,1054,12.54594989359375,8029.4079319,1,1,1,1,1.0,1.0,19.330486,[19.330486],c3f8b1251016df5826dce25f71c7c5dfb2b774504ec26252e8703fe71af3b440
nominal,FTP3,1-5,1055,23.072969945312497,14766.700764999998,3,3,3,3,1.0,1.0,17.866611333333335,"[19.25799,17.664021,16.677823]",612a648e6c39a29fa1d10fad47162893fd01950836ee02dd77989843a1e77568
nominal,FTP3,1-5,1056,34.791451984375,22266.52927,6,6,6,6,1.0,1.0,17.030432833333332,"[16.255526,15.551551,15.325251,18.571802,20.02988,16.448587]",9c9e677e544d8373471ed9300a93ed55560543892ed3472660570e05ecdd124b
nominal,FTP3,1-5,1057,31.67740070796875,20273.5364531,6,6,4,4,1.0,1.0,17.16026366666667,"[15.740043,16.511898,18.747779,16.692187,20.034856,15.234819]",0435ad5f47bfdbfc124c090a078a0f4768df440516675a419e3fe55ccc05c3ae
nominal,FTP3,1-5,1058,20.7395324453125,13273.300765,3,3,3,3,1.0,1.0,18.925491,"[19.822531,17.304421,19.649521]",23eb2f3575b79ced8624d8f04fceedce16aba4e4a99eae51778a886e048f6a95
nominal,FTP3,1-5,1059,33.851105979531255,21664.7078269,6,6,3,3,1.0,1.0,15.919182666666666,"[18.482043,19.75906,16.108129,16.000021,6.872381,18.293462]",4f3916bcc25c407e81b2ef6cabae64ebb91a9476751a386282813b9b08c7f0d5
nominal,FTP3,1-5,1060,33.091117228437504,21178.3150262,4,4,3,3,1.0,1.0,18.40715375,"[16.685334,19.700738,18.751735,18.490808]",7b3f0c46b36357116ffd129b08dc1fd4340b8852c9c18a613834d798cedfd3ba
nominal,FTP3,1-5,1061,28.625838207968748,18320.536453099998,6,6,5,5,1.0,1.0,16.680238833333334,"[18.892708,19.912812,13.750305,13.331796,17.894265,16.299547]",05481c585458e9625fc0785238f6bad5ed004943a5d452f9c4536f3a9a9760ec
nominal,FTP3,1-5,1062,30.157146426406246,19300.573712899997,7,7,5,5,1.0,1.0,14.653584714285715,"[17.839086,15.433862,17.977878,22.45186,5.000001,18.872406,5.0]",c4af21804b31b9f910c1911dc54852259d7ff0ee6f6dc61cd22a8721a48da08d
nominal,FTP3,1-5,1063,15.697367296875,10046.31507,2,2,2,2,1.0,1.0,18.3577985,"[18.095348,18.620249]",e098b766d5bfca71e94280a5c03d3a5f02f9f38d7bf3161d3387d69ef385161b
nominal,FTP3,1-5,1064,32.25028007140625,20640.1792457,5,5,4,4,1.0,1.0,16.8113734,"[15.102713,18.719524,14.920303,18.627251,16.687076]",1ebd58e830a5e7da2f649e7bee3a375c72c64806c58a70e3f76a9d9a1777e1f6
nominal,FTP3,1-6,1001,11.811117296875,7559.11507,2,2,2,2,1.0,1.0,18.553568,"[19.425426,17.68171]",a1bf7adcb932a96e56640395ca94e008b49adc1e9092ec26679a471521061f98
nominal,FTP3,1-6,1002,17.5793761953125,11250.800764999998,2,2,2,2,1.0,1.0,17.1280505,"[16.986307,17.269794]",eca59de46607708a28dd423e9dc4dc37babae6b3e88f215ee03ec89408f10c2d
nominal,FTP3,1-6,1003,15.6865190625,10039.3722,2,2,1,1,1.0,1.0,19.5110615,"[19.09652,19.925603]",493f33ee73332fd817f87ac99290330db3fddd8b0ea9765090b0480f74118da5
nominal,FTP3,1-6,1004,20.034923106406247,12822.350788099999,3,3,1,1,1.0,1.0,17.166473666666665,"[16.097789,17.648211,17.753421]",968658100c735389ddcf5a06d0d532522701cf8276766a6b979154f5f09e09c3
nominal,FTP3,1-6,1005,15.773238125,10094.8724,3,3,3,3,1.0,1.0,12.243084333333334,"[15.348673,16.380579,5.000001]",59c9d46e7290b09c5971bde894d2d086681e5ce4d9f1b97654c1368831c931ea
nominal,FTP3,1-6,1006,13.748818179687499,8799.243634999999,2,2,2,2,1.0,1.0,17.336091500000002,"[15.254001,19.418182]",63847dda14eb4b08c92efc7c28073ff8993df7be0aa257a96188495d1a226d2f
nominal,FTP3,1-6,1007,15.607556838906248,9988.836376899999,5,5,2,2,1.0,1.0,12.195017,"[19.172027,6.423606,19.419487,6.759467,9.200498]",10126f4513799405c85223d1f5fb1b5b92ce0bca7ebdcebaa591ca53a85e4e7c
nominal,FTP3,1-6,1008,20.353483328124998,13026.229329999998,4,4,4,4,1.0,1.0,15.70828925,"[19.522032,7.98752,16.189882,19.133723]",7c9f5dbaac3916a579b2a6ec4b0ec5b9960269d135cdd2a40f6c2d94bf37252c
nominal,FTP3,1-6,1009,31.71003441703125,20294.4220269,7,7,4,4,1.0,1.0,19.044507285714285,"[19.224992,19.585466,17.639146,19.993974,16.840329,19.296125,20.731519]",bf981d5cde14c3e52a290f5849a833a8388e8cc9d9216a39171751026798be18
nominal,FTP3,1-6,1010,18.890525918906246,12089.936588099998,3,3,3,3,1.0,1.0,16.741932666666667,"[18.292254,16.682274,15.25127]",c872229107147f24ccb841e3885925308d86a518fa4477da255bdcbfe218b844
nominal,FTP3,1-6,1011,11.811117296875,7559.11507,2,2,2,2,1.0,1.0,18.326320000000003,"[20.038589,16.614051]",892974718f06ac0d8b6a5a6253febde5a7a1c553ddfe2e5cb388365a146ccc7c
nominal,FTP3,1-6,1012,18.481920828125002,11828.42933,3,3,3,3,1.0,1.0,12.558225333333333,"[16.706203,15.968473,5.0]",318a5d0ba9036c4f996a23c0b76cb7e34f8e4f02cca3286586c49d422c282085
nominal,FTP3,1-6,1013,26.937612742187504,17240.072155,5,5,4,4,1.0,1.0,17.6121916,"[16.656803,19.309,15.250665,18.410824,18.433666]",d074281e15ceffb35beb91e935815e8c0b330c5b2175ac7d1a42e416022b169f
nominal,FTP3,1-6,1014,23.8331484765625,15253.215025,4,4,3,3,1.0,1.0,16.941081,"[17.32967,15.830457,16.210146,18.394051]",460cc6e7693b7961e022bf1312ca5187ecff05f4c5f3f70db5f6eaaac1f309c6
nominal,FTP3,1-6,1015,28.875313625,18480.20072,5,5,4,4,1.0,1.0,19.0871092,"[17.950175,19.93715,18.582829,20.774504,18.190888]",e95bfe7f27d2b941b39d267bcb0dbd61fecf329415cc161d4d84a25631be7454
nominal,FTP3,1-6,1016,24.937206813593747,15959.812360699998,5,5,4,4,1.0,1.0,15.0828218,"[16.878063,15.767096,18.145327,5.0,19.623623]",20cd8c88d4abb5a981c10d492553478eabf71c1251284fea91487a830b81dedb
nominal,FTP3,1-6,1017,31.742389507812504,20315.129285000003,5,5,4,4,1.0,1.0,18.4099034,"[19.152781,18.071246,16.121594,20.044896,18.659]",58d440235b422a228c001f61add8efbb608dfc221a30b1f2fe464db0f842609b
nominal,FTP3,1-6,1018,18.790983328124998,12026.229329999998,3,3,3,3,1.0,1.0,19.384417,"[19.868879,19.386115,18.898257]",d06d134792ee183239770fc53ac6104b45a70f0627731bf98f75191e524336cb
nominal,FTP3,1-6,1019,13.748818179687499,8799.243634999999,2,2,2,2,1.0,1.0,19.3326315,"[18.753043,19.91222]",f28c84e3a0d834bc44c717af439d53359d5193fbc641cc81e0b8a219ca7c49e6
nominal,FTP3,1-6,1020,11.811117296875,7559.11507,2,2,2,2,1.0,1.0,16.340544,"[15.552995,17.128093]",2ac928155b097c419d45a874fd367644087ce81803782eb25604546062f1bdb7
nominal,FTP3,1-6,1021,3.6644878828124994,2345.2722449999997,0,0,0,0,,,,[],4f53cda18c2baa0c0354bb5f9a3ecbe5ed12ab4d8e11ba873c2f11161202b945
nominal,FTP3,1-6,1022,11.53541437203125,7382.6651980999995,1,1,1,1,1.0,1.0,17.329184,[17.329184],3df3ef06ed79ba25f349d943bb267450282d03f3309b90116e1a952fa99763c2
nominal,FTP3,1-6,1023,15.6865190625,10039.3722,2,2,1,1,1.0,1.0,16.7832835,"[17.349721,16.216846]",bcb31431de15a2bd3d368ef2b949a13709b33bf0ce583c881398daf3f2846cbd
nominal,FTP3,1-6,1024,23.833148476562503,15253.215025000001,4,4,4,4,1.0,1.0,17.85359025,"[17.832829,17.435251,19.364597,16.781684]",dea3b0c6d8e4467a72a08ba08b5386f8542b5150b4b90dc4190923d74da8e8d9
nominal,FTP3,1-6,1025,27.141362548125,17370.4720308,5,5,5,5,1.0,1.0,12.4876256,"[9.560209,5.0,17.713946,16.801946,13.362027]",e92525f9ac75072ba11f3b70f8ca6db91f4b6cd048475ac576e9fd80be1f46bc
nominal,FTP3,1-6,1026,22.36840523921875,14315.779353099999,4,4,3,3,1.0,1.0,17.251039249999998,"[16.28809,17.464885,16.305288,18.945894]",0c98fab84d296feece9de16748275e8a705d05bf71b336b04a58c0a0f2faa8a0
nominal,FTP3,1-6,1027,2.1997446454687495,1407.8365730999997,0,0,0,0,,,,[],2933f7db5d16ba37646649fff8e37343c77159c5db417ad31fbd5e13ff39add5
nominal,FTP3,1-6,1028,23.833148476562503,15253.215025000001,4,4,4,4,1.0,1.0,17.07306225,"[19.196763,17.08737,16.618601,15.389515]",58d89705ac8ae9a7b635231b37a5657a288ceeed88ac46a635d32403ad57ffa4
nominal,FTP3,1-6,1029,25.3956484765625,16253.215025,5,5,4,4,1.0,1.0,18.5833054,"[19.02367,16.706224,18.275786,21.448499,17.462348]",38b3820a9df1dc23e0be5827bcbe557c65b5be72883abf73d573cdff08d97419
nominal,FTP3,1-6,1030,18.790983328124998,12026.229329999998,4,4,3,3,1.0,1.0,18.20587225,"[17.906975,19.875602,19.799874,15.241038]",1bda837788b61d5b045e4605e29a40fd643038e4294e6d25e76033020b249565
nominal,FTP3,1-6,1031,27.140849359375,17370.14359,5,5,5,5,1.0,1.0,17.0475012,"[19.900536,19.532916,18.937214,10.667897,16.198943]",be960ba3b433f84023f050471bb4871b8e8a12a71ffd1e15300677a686632a5c
nominal,FTP3,1-6,1032,20.728684210937498,13266.357895,3,3,3,3,1.0,1.0,13.993310666666668,"[18.005517,8.768952,15.205463]",d0da9158d3de763d8f2b48ebf25457d543689c3dee90c87144764e9007f5f305
nominal,FTP3,1-6,1033,20.353483328124998,13026.229329999998,4,4,3,3,1.0,1.0,14.613042499999999,"[15.528143,10.622208,15.990782,16.311037]",febab708e98ad0b7c35c1b0efc8a5a924f8ac5cfb66e24b17230db698fb28473
nominal,FTP3,1-6,1034,11.811117296875,7559.11507,2,2,2,2,1.0,1.0,17.888556,"[17.122313,18.654799]",560167ac33d72643e33a78d85170eb0de890bf063fa2a2fc049fc2aadc5b7f43
nominal,FTP3,1-6,1035,24.559242226562496,15717.915024999998,3,3,3,3,1.0,1.0,17.55317266666667,"[18.827777,15.59086,18.240881]",b4f536e7dfc9a79fee652e04b9be22e2698b18461154f2efabc23d1e2f745462
nominal,FTP3,1-6,1036,18.790983328124998,12026.229329999998,3,3,2,2,1.0,1.0,16.968005333333334,"[15.688267,18.935687,16.280062]",eb2c5d253c65a5ccb0be5e6be75b15400562a6c86de3fa59c2ac1e8e4e0aa030
nominal,FTP3,1-6,1037,23.8331484765625,15253.215025,4,4,4,4,1.0,1.0,18.148219750000003,"[19.728411,17.171295,15.928677,19.764496]",9e7b392950713ad67a234ed045e2548a89b285da80db41928b4d93f378ff564c
nominal,FTP3,1-6,1038,21.288360918906246,13624.550988099998,5,5,2,2,1.0,1.0,13.5548506,"[19.028736,7.705855,18.142324,5.000001,17.897337]",ea4df10e45b2f1e45784e701f3f2a8c49a2f9240e315dee3b166b9e1d05e18e9
nominal,FTP3,1-6,1039,19.648684523437502,12575.158095,4,4,3,3,1.0,1.0,15.010258499999999,"[19.724843,15.693437,19.622753,5.000001]",9c9d424f848103e546bc6c3511a35a18b39950438738d9694fa47b2e7092b338
nominal,FTP3,1-6,1040,23.45794759375,15013.086459999999,5,5,5,5,1.0,1.0,16.2793666,"[16.022571,17.409054,18.182346,12.339544,17.443318]",b40a5b7d10b4d5f2a18817a3560ecda7178d5a26d6eb8d206f401cace7b53a49
nominal,FTP3,1-6,1041,13.748818179687499,8799.243634999999,2,2,2,2,1.0,1.0,17.406816499999998,"[16.564003,18.24963]",404c1fccf6d43aa3b7b617452742d60ad877ca5f9ac5c2113348c6760c2daf1b
nominal,FTP3,1-6,1042,16.853282445312498,10786.100765,3,3,3,3,1.0,1.0,18.325453333333332,"[17.40142,18.634915,18.940025]",2bec0699f03c9f7563772cd68847fa03999bf7ae91da9dfbca4ad8e88ad4cd17
nominal,FTP3,1-6,1043,18.575938695312498,11888.600765,3,3,2,2,1.0,1.0,17.589799666666668,"[15.281982,19.839977,17.64744]",56061610bac26b4d6e3a513014ed78f5d94dd93d5c3e268b60f606773ca23afc
nominal,FTP3,1-6,1044,20.5361842109375,13143.157894999998,3,3,3,3,1.0,1.0,17.197023333333334,"[19.398821,12.556927,19.635322]",2d32de9af6ad701c9face1164d6530483980ac005f3ba132ef3f4d391483f7c5
nominal,FTP3,1-6,1045,6.768952148437499,4332.1293749999995,1,1,0,0,1.0,,15.30862,[15.30862],bf185a1ea3f37ea7cea984c05cbd3903e3c5b77530fc8280cb37be21b2e0bfea
nominal,FTP3,1-6,1046,16.853282445312498,10786.100765,3,3,3,3,1.0,1.0,18.154951,"[18.264241,17.609315,18.591297]",c07e5c427da6afa28bd48459330c67537bbf688a5e938b38a8b4b274cd49774b
nominal,FTP3,1-6,1047,19.08896318265625,12216.9364369,2,2,1,1,1.0,1.0,15.1063555,"[15.106541,15.10617]",472696e3d25c98c02851c24b50bd64b8422d9cb0517a73725d45073af6946a74
nominal,FTP3,1-6,1048,13.748818179687499,8799.243634999999,2,2,2,2,1.0,1.0,17.372059999999998,"[16.405502,18.338618]",9fc8ed31605ce3534e59c6f025b8d137d4befd9516eb812ca8e6d24d770a0f73
nominal,FTP3,1-6,1049,15.120559375,9677.158,1,1,0,0,1.0,,18.772298,[18.772298],22c3fdba0d5d053266cd9b770558ee7585ebea2d9da62bc6de399b52e3851734
nominal,FTP3,1-6,1050,20.210882815468747,12934.965001899998,3,3,2,2,1.0,1.0,18.969614,"[19.332016,20.927267,16.649559]",27af86737e0469321f323584f65822f35b44e019039ea8eae5b3e0299320ca1b
nominal,FTP3,1-6,1051,15.3015190625,9792.9722,2,2,2,2,1.0,1.0,16.5370245,"[16.291373,16.782676]",72feda41bae0824b7f368d6b0c90f63abc2e0c0d2b44b024c419d2603420a3a8
nominal,FTP3,1-6,1052,5.602188765625,3585.40081,0,0,0,0,,,,[],4214349a714dfecd14ebdd583ffcc0988e69816eafbc1dfaf3b9c4f018011330
nominal,FTP3,1-6,1053,13.748818179687499,8799.243634999999,2,2,2,2,1.0,1.0,16.9278585,"[15.639156,18.216561]",4141643e4333147fe5a140d667558a1920eda49af67cc4f25e2956f7a0bcde98
nominal,FTP3,1-6,1054,8.70665303125,5572.2579399999995,1,1,1,1,1.0,1.0,19.330486,[19.330486],c3f8b1251016df5826dce25f71c7c5dfb2b774504ec26252e8703fe71af3b440
nominal,FTP3,1-6,1055,19.186719945312497,12279.500764999997,3,3,3,3,1.0,1.0,17.866611333333335,"[19.25799,17.664021,16.677823]",612a648e6c39a29fa1d10fad47162893fd01950836ee02dd77989843a1e77568
nominal,FTP3,1-6,1056,31.979777890625,20467.05785,6,6,6,6,1.0,1.0,17.030432833333332,"[16.255526,15.551551,15.325251,18.571802,20.02988,16.448587]",9c9e677e544d8373471ed9300a93ed55560543892ed3472660570e05ecdd124b
nominal,FTP3,1-6,1057,28.830469875,18451.50072,6,6,4,4,1.0,1.0,17.16026366666667,"[15.740043,16.511898,18.747779,16.692187,20.034856,15.234819]",0435ad5f47bfdbfc124c090a078a0f4768df440516675a419e3fe55ccc05c3ae
nominal,FTP3,1-6,1058,16.853282445312498,10786.100765,3,3,3,3,1.0,1.0,18.925491,"[19.822531,17.304421,19.649521]",23eb2f3575b79ced8624d8f04fceedce16aba4e4a99eae51778a886e048f6a95
nominal,FTP3,1-6,1059,29.96485597953125,19177.5078269,6,6,3,3,1.0,1.0,15.919182666666666,"[18.482043,19.75906,16.108129,16.000021,6.872381,18.293462]",4f3916bcc25c407e81b2ef6cabae64ebb91a9476751a386282813b9b08c7f0d5
nominal,FTP3,1-6,1060,31.018014507812502,19851.529285,4,4,3,3,1.0,1.0,18.40715375,"[16.685334,19.700738,18.751735,18.490808]",7b3f0c46b36357116ffd129b08dc1fd4340b8852c9c18a613834d798cedfd3ba
nominal,FTP3,1-6,1061,26.7656484765625,17130.015025,6,6,5,5,1.0,1.0,16.680238833333334,"[18.892708,19.912812,13.750305,13.331796,17.894265,16.299547]",05481c585458e9625fc0785238f6bad5ed004943a5d452f9c4536f3a9a9760ec
nominal,FTP3,1-6,1062,26.406443314062493,16900.123720999996,7,7,5,5,1.0,1.0,14.653584714285715,"[17.839086,15.433862,17.977878,22.45186,5.000001,18.872406,5.0]",c4af21804b31b9f910c1911dc54852259d7ff0ee6f6dc61cd22a8721a48da08d
nominal,FTP3,1-6,1063,11.811117296875,7559.11507,2,2,2,2,1.0,1.0,18.3577985,"[18.095348,18.620249]",e098b766d5bfca71e94280a5c03d3a5f02f9f38d7bf3161d3387d69ef385161b
nominal,FTP3,1-6,1064,28.753248846718748,18402.0792619,5,5,4,4,1.0,1.0,16.8113734,"[15.102713,18.719524,14.920303,18.627251,16.687076]",1ebd58e830a5e7da2f649e7bee3a375c72c64806c58a70e3f76a9d9a1777e1f6
nominal,IM,1-1,1001,10.15275,32488.8,1,1,1,1,1.0,1.0,192.469274,[192.469274],9430acf4d71e09c80a2cc85a31e7211044bfd1c2c2d71a64aaa301b323b0a02b
nominal,IM,1-1,1002,7.253125,23210.0,0,0,0,0,,,,[],fed7f4a040e90a1dacf0aab4ed4c699829d5e2ba226e6db81a8dc5ff0d2aa7f2
nominal,IM,1-1,1003,7.253125,23210.0,0,0,0,0,,,,[],00e9a16ea795d779e8c86fa9bb37e1c3cb5665bbd8baccb27522b414889ba43a
nominal,IM,1-1,1004,10.15275,32488.8,1,1,1,1,1.0,1.0,233.506453,[233.506453],4eee956a337a0647f6ccabe80f174f986c0f130a1f2cb362a52cff4b3e06b783
nominal,IM,1-1,1005,10.15275,32488.8,1,1,1,1,1.0,1.0,287.233563,[287.233563],f836270220b6c09661e2dccf89feaa8952c59643f7ec7639da215db6d79dffc7
nominal,IM,1-1,1006,7.253125,23210.0,1,1,0,0,1.0,,292.825722,[292.825722],62b4c64a45d6940cd171844d0cc992f1ce431e3f6c6efc7597afe4171c7f5909
nominal,IM,1-1,1007,10.15275,32488.8,1,1,1,1,1.0,1.0,53.491719,[53.491719],526e2915967165192fbc2e6c5304b2d421bf7a8e9a0321e0de002c6d827a940d
nominal,IM,1-1,1008,10.15275,32488.8,0,0,0,0,,,,[],bf8e90f32f6e403a96cdcb9b39746b36596389e86839ff581ef8c0194096b304
nominal,IM,1-1,1009,10.23990625,32767.7,2,2,2,2,1.0,1.0,295.99098349999997,"[298.26782,293.714147]",7d1c0a3b98abc7413c3a261eead8750d23aa17a50fc3a6b51d05e683b57b71da
nominal,IM,1-1,1010,10.15275,32488.8,1,1,1,1,1.0,1.0,189.84796,[189.84796],0f1f07778d86aa1cb0f1a203a4ba203a148f514568f0187b632ab0fab7537692
nominal,IM,1-1,1011,10.15275,32488.8,2,2,1,1,1.0,1.0,208.493623,"[276.315649,140.671597]",480470adb016a632676b0212c045a35e34edd6cfb00d19c6a09e1c280a53d522
nominal,IM,1-1,1012,7.253125,23210.0,0,0,0,0,,,,[],4f53cda18c2baa0c0354bb5f9a3ecbe5ed12ab4d8e11ba873c2f11161202b945
nominal,IM,1-1,1013,10.15275,32488.8,1,1,0,0,1.0,,56.853736,[56.853736],32c72b8b2fcb64ba3221589faa358b75f435002335ca5a7e5074be3cbb6b254e
nominal,IM,1-1,1014,13.13953125,42046.5,3,3,2,3,1.0,0.6666666666666666,198.41798400000002,"[309.248451,263.649508,22.355993]",57230bb1bfab97f2a0237d99c5c7af82dde4122d4761663f4616751080004dae
nominal,IM,1-1,1015,7.253125,23210.0,1,1,0,0,1.0,,219.787462,[219.787462],bf67c06894aa6068cf0e9896405b36e3ccc16d8c98e1ef5a4569673883ee7582
nominal,IM,1-1,1016,13.052375,41767.6,2,2,2,2,1.0,1.0,141.593213,"[267.806218,15.380208]",7882e23233b2b60064d7e77682e42fafce9d3778fe1d8aed19c34c4608504159
nominal,IM,1-1,1017,10.15275,32488.8,1,1,1,1,1.0,1.0,61.813516,[61.813516],556b92892b4b948c0b10adfc8bc689adb048fe2b1af9590348bb6a2d07325d97
nominal,IM,1-1,1018,10.15275,32488.8,1,1,1,1,1.0,1.0,216.445671,[216.445671],319be9bbb2c28f7a317c7ef2622146771d8a7b5bd8b9277e761b69bbf5854d8c
nominal,IM,1-1,1019,10.15275,32488.8,1,1,1,1,1.0,1.0,25.864939,[25.864939],3ed8ea05f77cacda73961ccc1b47fa64661d29d5849b257322361f2224c55642
nominal,IM,1-1,1020,7.253125,23210.0,1,1,0,0,1.0,,45.815662,[45.815662],9f5a77689a176c94a1f4bd367c761905d81b90234decad2e6c99f04f0b636fc6
nominal,IM,1-1,1021,7.253125,23210.0,0,0,0,0,,,,[],4f53cda18c2baa0c0354bb5f9a3ecbe5ed12ab4d8e11ba873c2f11161202b945
nominal,IM,1-1,1022,10.3333125,33066.6,3,3,3,3,1.0,1.0,144.33365066666667,"[223.966013,145.250058,63.784881]",45d3db62d61c7d20e187490b1e8399710147af2c1767c9fb15746b56fd756ef2
nominal,IM,1-1,1023,10.15275,32488.8,2,2,1,1,1.0,1.0,50.527947,"[87.272971,13.782923]",306f5bc75fd32aeb29661f0abb01d924b23b0cbb28d780557cb827fe180d334e
nominal,IM,1-1,1024,13.219523500687501,42302.4752022,3,3,3,3,1.0,1.0,136.31740933333333,"[255.137598,152.81463,1.0]",a4ad7f92fa62a44cce84eb5c61939aac8ca708187fcdcfcd1eed9e03dc1028b8
nominal,IM,1-1,1025,10.15275,32488.8,2,2,1,1,1.0,1.0,177.87958650000002,"[269.87137,85.887803]",1b152ca3b9a066c35cc082a63e1cb9193a2067a815a108385d3953e0f2917063
nominal,IM,1-1,1026,13.2266875,42325.4,5,5,4,5,1.0,0.8,239.639434,"[290.875126,215.973909,285.226155,102.955374,303.166606]",062dba369179d936dd401a7a4cc770a10c4eeb23f519b066670483afe5289278
nominal,IM,1-1,1027,10.15275,32488.8,1,1,1,1,1.0,1.0,5.992027,[5.992027],90653b99453fe0ee0d6095b94709c83b20636a068b73cac656e026ca28ca0efa
nominal,IM,1-1,1028,13.052375,41767.6,2,2,2,2,1.0,1.0,156.0592855,"[149.865228,162.253343]",3e37a112ade938f373697b748900021ac8e57dd9be9c171e6f290a5badafcba4
nominal,IM,1-1,1029,10.15275,32488.8,2,2,1,1,1.0,1.0,219.520713,"[258.519018,180.522408]",25507ef2c38bb8677bca2bcca6f268fd2f13cc9b7be38c10e3020821da44180a
nominal,IM,1-1,1030,16.531956427625,52902.2605684,6,6,5,5,1.0,1.0,102.53897016666667,"[94.076263,88.167272,1.0,174.293181,88.341644,169.355461]",96f5342ffe2816487b472242efea79a7432ce5f3765c5a3c95fd0373dffaa244
nominal,IM,1-1,1031,7.253125,23210.0,0,0,0,0,,,,[],4f53cda18c2baa0c0354bb5f9a3ecbe5ed12ab4d8e11ba873c2f11161202b945
nominal,IM,1-1,1032,15.952,51046.4,2,2,0,2,1.0,0.0,302.942721,"[305.267877,300.617565]",fc358eb7880767f6f1bbba495b57ce3b25aaa45e3968cf80be5195b18056f689
nominal,IM,1-1,1033,7.253125,23210.0,0,0,0,0,,,,[],4f53cda18c2baa0c0354bb5f9a3ecbe5ed12ab4d8e11ba873c2f11161202b945
nominal,IM,1-1,1034,10.15275,32488.8,1,1,1,1,1.0,1.0,129.677479,[129.677479],0c6acd47f16dad175737a3d64efe8118bd4083e913301f3f838e261864232c11
nominal,IM,1-1,1035,13.052375,41767.6,2,2,0,2,1.0,0.0,307.116801,"[305.67012,308.563482]",1e1b08f9beb064df2383befa09a2d2802c1848d1c18a4d306a5d03502c008015
nominal,IM,1-1,1036,13.052375,41767.6,2,2,2,2,1.0,1.0,165.037626,"[153.622207,176.453045]",a0723963f0b8528010109bf69b058e5045cbc3a808dc89cd34d7f240bf136604
nominal,IM,1-1,1037,13.052375,41767.6,2,2,2,2,1.0,1.0,255.8613435,"[294.152865,217.569822]",5fd4ce6e37d18f80f80e5adcd40c47000ae31005b1e818cae07483c33a4b4794
nominal,IM,1-1,1038,16.03915625,51325.3,2,2,2,2,1.0,1.0,247.363535,"[262.099089,232.627981]",d573b0f0caf37840d976dbf6431a142e4314df290863161ad5328a7fde35a891
nominal,IM,1-1,1039,10.15275,32488.8,1,1,1,1,1.0,1.0,217.534137,[217.534137],fd6941408e266c611388e4a2780adf9ab6674d92550d053d2d7f64ebbdbafd07
nominal,IM,1-1,1040,10.15275,32488.8,2,2,1,1,1.0,1.0,144.214188,"[87.916955,200.511421]",68ca7b0e3480e0221bf34309f0cf78704c9d5eec0c3e9ecb1d89cb85e669b5c7
nominal,IM,1-1,1041,13.052375,41767.6,1,1,1,1,1.0,1.0,135.925741,[135.925741],fd88be1be03817ff14582416d4d2aaa421e516111555b04282ef27a81acdda10
nominal,IM,1-1,1042,13.052375,41767.6,2,2,2,2,1.0,1.0,71.160986,"[75.63944,66.682532]",de646cd8e9067faa9dd5789998062d51be1092abca8d7fd1eedc0587759fde5f
nominal,IM,1-1,1043,7.253125,23210.0,0,0,0,0,,,,[],4f53cda18c2baa0c0354bb5f9a3ecbe5ed12ab4d8e11ba873c2f11161202b945
nominal,IM,1-1,1044,15.952,51046.4,4,4,3,3,1.0,1.0,57.85648775,"[4.53296,46.7641,114.273915,65.854976]",3c391600ed5436ff2d4a36770b490cfc8bdae5f5b6fe1f30be377db54e09309b
nominal,IM,1-1,1045,10.15275,32488.8,0,0,0,0,,,,[],dce0559ffbbb13d9308379f35af716591345d0c0a5b9d0286f717f6301dce857
nominal,IM,1-1,1046,7.253125,23210.0,0,0,0,0,,,,[],4f53cda18c2baa0c0354bb5f9a3ecbe5ed12ab4d8e11ba873c2f11161202b945
nominal,IM,1-1,1047,7.253125,23210.0,0,0,0,0,,,,[],4f53cda18c2baa0c0354bb5f9a3ecbe5ed12ab4d8e11ba873c2f11161202b945
nominal,IM,1-1,1048,19.0321875,60903.0,5,5,5,5,1.0,1.0,114.88459379999999,"[33.442178,175.767836,239.22245,98.319741,27.670764]",4c10015ca84c9a75cf9eb61e678cb0db48a6a52b737208b8d88ee0890db748ef
nominal,IM,1-1,1049,10.15275,32488.8,1,1,1,1,1.0,1.0,195.18617,[195.18617],53b8042c0d29fe91598b0f284d9ff85da53a5746eafb492801f6a2bf94e33ecd
nominal,IM,1-1,1050,13.052375,41767.6,2,2,2,2,1.0,1.0,245.284258,"[197.154785,293.413731]",b3a26e5221046f7ee0ccbc90af5f1f0665588536e11b6554bf192f2a06255ebe
nominal,IM,1-1,1051,10.15275,32488.8,0,0,0,0,,,,[],3b38d89321fd2335eeb8599d0ab87040f6c9a1305a309f63a07076e2d84a6421
nominal,IM,1-1,1052,10.15275,32488.8,0,0,0,0,,,,[],212d8b38a50ee73c56803288369ff4697efdaa9f80adf2ad425240a34b5a89d7
nominal,IM,1-1,1053,13.052375,41767.6,1,1,1,1,1.0,1.0,127.36825,[127.36825],003ed4b3adcf97afdebb240fd2edfbca85b04744083508bcbb014424638fea03
nominal,IM,1-1,1054,16.03915625,51325.3,3,3,3,3,1.0,1.0,133.27837333333335,"[192.262466,43.770536,163.802118]",bfb6e8fff3c074f87fa14c011c27ae40f261fe8b849a4eded5e11d0d784f1d74
nominal,IM,1-1,1055,19.040039504093752,60928.126413100006,5,5,5,5,1.0,1.0,138.298875,"[293.70415,184.327479,149.597133,62.865613,1.0]",54a5ad5b75095e5c0c7de495bcf8fd2771dd377c67a153939c8fdba1efce18d7
nominal,IM,1-1,1056,13.13953125,42046.5,3,3,2,2,1.0,1.0,192.92962066666666,"[220.991412,204.956476,152.840974]",39cb6ab71d7f761457c13d60b5b79281a31bae50193f4536fb325d09ffdfef73
nominal,IM,1-1,1057,13.052375,41767.6,3,3,2,2,1.0,1.0,238.25593200000003,"[298.898031,118.183627,297.686138]",1ebf358b2505fe84bcc985e5ae510be980147cf37abe3b170e022b58fbb8f0a8
nominal,IM,1-1,1058,13.052375,41767.6,2,2,2,2,1.0,1.0,281.0057435,"[265.028144,296.983343]",76ea2d2ae1374fb00116abbccb288a23662d5236ccda8685270d26fc75fd43e3
nominal,IM,1-1,1059,7.253125,23210.0,0,0,0,0,,,,[],4f53cda18c2baa0c0354bb5f9a3ecbe5ed12ab4d8e11ba873c2f11161202b945
nominal,IM,1-1,1060,10.15275,32488.8,1,1,1,1,1.0,1.0,109.730906,[109.730906],6bc8718d9bd6b91c1d9c8c0727521f74435cfe64e9d292d91c45a412c0558b72
nominal,IM,1-1,1061,13.13953125,42046.5,3,3,3,3,1.0,1.0,177.23212766666666,"[220.173054,91.919809,219.60352]",ba5e8f69261dbfe946e30b21cdbd41b7044230c0a4689ad50ff104449a3fc405
nominal,IM,1-1,1062,13.052375,41767.6,2,2,1,1,1.0,1.0,231.09564799999998,"[243.51473,218.676566]",142319cd9401f990c2e3f60fd5306243dfbd94e3596266c09cf14be77e356698
nominal,IM,1-1,1063,7.253125,23210.0,0,0,0,0,,,,[],e78c7bf4e47b8d9236d93630d587c817338ca551887f8ba457c17e856b539daf
nominal,IM,1-1,1064,15.952,51046.4,4,4,3,3,1.0,1.0,88.59918275,"[106.180656,151.928428,4.974811,91.312836]",25565ef647f8b434fc30f657f6f91000c548df1cc83635275ed21647ba86ecb4
nominal,IM,1-2,1001,8.580129510343747,27456.41443309999,1,1,1,1,1.0,1.0,196.040703,[196.040703],9430acf4d71e09c80a2cc85a31e7211044bfd1c2c2d71a64aaa301b323b0a02b
nominal,IM,1-2,1002,5.405446468750001,17297.428700000004,0,0,0,0,,,,[],fed7f4a040e90a1dacf0aab4ed4c699829d5e2ba226e6db81a8dc5ff0d2aa7f2
nominal,IM,1-2,1003,5.405446468750001,17297.428700000004,0,0,0,0,,,,[],00e9a16ea795d779e8c86fa9bb37e1c3cb5665bbd8baccb27522b414889ba43a
nominal,IM,1-2,1004,8.580129510343749,27456.4144331,1,1,1,1,1.0,1.0,237.077882,[237.077882],4eee956a337a0647f6ccabe80f174f986c0f130a1f2cb362a52cff4b3e06b783
nominal,IM,1-2,1005,8.580129510343747,27456.41443309999,1,1,1,1,1.0,1.0,290.804992,[290.804992],f836270220b6c09661e2dccf89feaa8952c59643f7ec7639da215db6d79dffc7
nominal,IM,1-2,1006,5.405446468750001,17297.428700000004,1,1,0,0,1.0,,296.397151,[296.397151],62b4c64a45d6940cd171844d0cc992f1ce431e3f6c6efc7597afe4171c7f5909
nominal,IM,1-2,1007,8.580129510343749,27456.4144331,1,1,1,1,1.0,1.0,57.063148,[57.063148],526e2915967165192fbc2e6c5304b2d421bf7a8e9a0321e0de002c6d827a940d
nominal,IM,1-2,1008,8.580129510343745,27456.414433099988,0,0,0,0,,,,[],bf8e90f32f6e403a96cdcb9b39746b36596389e86839ff581ef8c0194096b304
nominal,IM,1-2,1009,8.673535760343746,27755.314433099986,2,2,1,2,1.0,0.5,299.5624125,"[301.839249,297.285576]",7d1c0a3b98abc7413c3a261eead8750d23aa17a50fc3a6b51d05e683b57b71da
nominal,IM,1-2,1010,8.580129510343749,27456.4144331,1,1,1,1,1.0,1.0,193.419389,[193.419389],0f1f07778d86aa1cb0f1a203a4ba203a148f514568f0187b632ab0fab7537692
nominal,IM,1-2,1011,8.580129510343749,27456.414433099995,2,2,1,1,1.0,1.0,212.06505199999998,"[279.887078,144.243026]",480470adb016a632676b0212c045a35e34edd6cfb00d19c6a09e1c280a53d522
nominal,IM,1-2,1012,5.405446468750001,17297.428700000004,0,0,0,0,,,,[],4f53cda18c2baa0c0354bb5f9a3ecbe5ed12ab4d8e11ba873c2f11161202b945
nominal,IM,1-2,1013,8.580129510343745,27456.414433099988,1,1,0,0,1.0,,60.425165,[60.425165],32c72b8b2fcb64ba3221589faa358b75f435002335ca5a7e5074be3cbb6b254e
nominal,IM,1-2,1014,11.848218801937499,37914.300166199995,3,3,2,3,1.0,0.6666666666666666,201.989413,"[312.81988,267.220937,25.927422]",57230bb1bfab97f2a0237d99c5c7af82dde4122d4761663f4616751080004dae
nominal,IM,1-2,1015,5.405446468750001,17297.428700000004,1,1,0,0,1.0,,223.358891,[223.358891],bf67c06894aa6068cf0e9896405b36e3ccc16d8c98e1ef5a4569673883ee7582
nominal,IM,1-2,1016,11.754812551937498,37615.400166199994,2,2,2,2,1.0,1.0,145.16464200000001,"[271.377647,18.951637]",7882e23233b2b60064d7e77682e42fafce9d3778fe1d8aed19c34c4608504159
nominal,IM,1-2,1017,8.58012951034375,27456.414433100002,1,1,1,1,1.0,1.0,65.384945,[65.384945],556b92892b4b948c0b10adfc8bc689adb048fe2b1af9590348bb6a2d07325d97
nominal,IM,1-2,1018,8.580129510343749,27456.414433099995,1,1,1,1,1.0,1.0,220.0171,[220.0171],319be9bbb2c28f7a317c7ef2622146771d8a7b5bd8b9277e761b69bbf5854d8c
nominal,IM,1-2,1019,8.580129510343749,27456.414433099995,1,1,1,1,1.0,1.0,29.436368,[29.436368],3ed8ea05f77cacda73961ccc1b47fa64661d29d5849b257322361f2224c55642
nominal,IM,1-2,1020,5.405446468750001,17297.428700000004,1,1,0,0,1.0,,49.387091,[49.387091],9f5a77689a176c94a1f4bd367c761905d81b90234decad2e6c99f04f0b636fc6
nominal,IM,1-2,1021,5.405446468750001,17297.428700000004,0,0,0,0,,,,[],4f53cda18c2baa0c0354bb5f9a3ecbe5ed12ab4d8e11ba873c2f11161202b945
nominal,IM,1-2,1022,8.76694201034375,28054.214433099998,3,3,3,3,1.0,1.0,147.90507966666667,"[227.537442,148.821487,67.35631]",45d3db62d61c7d20e187490b1e8399710147af2c1767c9fb15746b56fd756ef2
nominal,IM,1-2,1023,8.580129510343745,27456.414433099988,2,2,1,1,1.0,1.0,54.09937599999999,"[90.8444,17.354352]",306f5bc75fd32aeb29661f0abb01d924b23b0cbb28d780557cb827fe180d334e
nominal,IM,1-2,1024,8.673535760343746,27755.314433099986,3,3,2,3,1.0,0.6666666666666666,245.76017233333332,"[258.709027,156.386059,322.185431]",a4ad7f92fa62a44cce84eb5c61939aac8ca708187fcdcfcd1eed9e03dc1028b8
nominal,IM,1-2,1025,8.580129510343749,27456.414433099995,2,2,1,1,1.0,1.0,181.45101549999998,"[273.442799,89.459232]",1b152ca3b9a066c35cc082a63e1cb9193a2067a815a108385d3953e0f2917063
nominal,IM,1-2,1026,11.941625051937496,38213.20016619999,5,5,4,5,1.0,0.8,243.21086299999996,"[294.446555,219.545338,288.797584,106.526803,306.738035]",062dba369179d936dd401a7a4cc770a10c4eeb23f519b066670483afe5289278
nominal,IM,1-2,1027,8.580129510343745,27456.414433099988,1,1,1,1,1.0,1.0,9.563456,[9.563456],90653b99453fe0ee0d6095b94709c83b20636a068b73cac656e026ca28ca0efa
nominal,IM,1-2,1028,11.754812551937498,37615.400166199994,2,2,2,2,1.0,1.0,159.6307145,"[153.436657,165.824772]",3e37a112ade938f373697b748900021ac8e57dd9be9c171e6f290a5badafcba4
nominal,IM,1-2,1029,8.580129510343747,27456.41443309999,2,2,1,1,1.0,1.0,223.092142,"[262.090447,184.093837]",25507ef2c38bb8677bca2bcca6f268fd2f13cc9b7be38c10e3020821da44180a
nominal,IM,1-2,1030,15.405322543625003,49297.03213960001,6,6,5,5,1.0,1.0,105.51516099999999,"[97.647692,91.738701,1.0,177.86461,91.913073,172.92689]",96f5342ffe2816487b472242efea79a7432ce5f3765c5a3c95fd0373dffaa244
nominal,IM,1-2,1031,5.405446468750001,17297.428700000004,0,0,0,0,,,,[],4f53cda18c2baa0c0354bb5f9a3ecbe5ed12ab4d8e11ba873c2f11161202b945
nominal,IM,1-2,1032,14.92949559353125,47774.3858993,2,2,0,2,1.0,0.0,306.51415,"[308.839306,304.188994]",fc358eb7880767f6f1bbba495b57ce3b25aaa45e3968cf80be5195b18056f689
nominal,IM,1-2,1033,5.405446468750001,17297.428700000004,0,0,0,0,,,,[],4f53cda18c2baa0c0354bb5f9a3ecbe5ed12ab4d8e11ba873c2f11161202b945
nominal,IM,1-2,1034,8.580129510343749,27456.414433099995,1,1,1,1,1.0,1.0,133.248908,[133.248908],0c6acd47f16dad175737a3d64efe8118bd4083e913301f3f838e261864232c11
nominal,IM,1-2,1035,11.7548125519375,37615.4001662,2,2,0,2,1.0,0.0,310.68823,"[309.241549,312.134911]",1e1b08f9beb064df2383befa09a2d2802c1848d1c18a4d306a5d03502c008015
nominal,IM,1-2,1036,11.754812551937498,37615.400166199994,2,2,2,2,1.0,1.0,168.609055,"[157.193636,180.024474]",a0723963f0b8528010109bf69b058e5045cbc3a808dc89cd34d7f240bf136604
nominal,IM,1-2,1037,11.754812551937498,37615.400166199994,2,2,2,2,1.0,1.0,259.4327725,"[297.724294,221.141251]",5fd4ce6e37d18f80f80e5adcd40c47000ae31005b1e818cae07483c33a4b4794
nominal,IM,1-2,1038,15.02290184353125,48073.2858993,2,2,2,2,1.0,1.0,250.934964,"[265.670518,236.19941]",d573b0f0caf37840d976dbf6431a142e4314df290863161ad5328a7fde35a891
nominal,IM,1-2,1039,8.8489375519375,28316.600166199998,1,1,1,1,1.0,1.0,221.105566,[221.105566],fd6941408e266c611388e4a2780adf9ab6674d92550d053d2d7f64ebbdbafd07
nominal,IM,1-2,1040,8.580129510343745,27456.414433099988,2,2,1,1,1.0,1.0,147.785617,"[91.488384,204.08285]",68ca7b0e3480e0221bf34309f0cf78704c9d5eec0c3e9ecb1d89cb85e669b5c7
nominal,IM,1-2,1041,11.754812551937498,37615.400166199994,1,1,1,1,1.0,1.0,139.49717,[139.49717],fd88be1be03817ff14582416d4d2aaa421e516111555b04282ef27a81acdda10
nominal,IM,1-2,1042,11.754812551937496,37615.40016619999,2,2,2,2,1.0,1.0,74.732415,"[79.210869,70.253961]",de646cd8e9067faa9dd5789998062d51be1092abca8d7fd1eedc0587759fde5f
nominal,IM,1-2,1043,5.405446468750001,17297.428700000004,0,0,0,0,,,,[],4f53cda18c2baa0c0354bb5f9a3ecbe5ed12ab4d8e11ba873c2f11161202b945
nominal,IM,1-2,1044,14.929495593531248,47774.385899299996,4,4,3,3,1.0,1.0,61.42791675,"[8.104389,50.335529,117.845344,69.426405]",3c391600ed5436ff2d4a36770b490cfc8bdae5f5b6fe1f30be377db54e09309b
nominal,IM,1-2,1045,8.580129510343745,27456.414433099988,0,0,0,0,,,,[],dce0559ffbbb13d9308379f35af716591345d0c0a5b9d0286f717f6301dce857
nominal,IM,1-2,1046,5.405446468750001,17297.428700000004,0,0,0,0,,,,[],4f53cda18c2baa0c0354bb5f9a3ecbe5ed12ab4d8e11ba873c2f11161202b945
nominal,IM,1-2,1047,5.405446468750001,17297.428700000004,0,0,0,0,,,,[],4f53cda18c2baa0c0354bb5f9a3ecbe5ed12ab4d8e11ba873c2f11161202b945
nominal,IM,1-2,1048,18.290991135125015,58531.171632400044,5,5,5,5,1.0,1.0,118.4560228,"[37.013607,179.339265,242.793879,101.89117,31.242193]",4c10015ca84c9a75cf9eb61e678cb0db48a6a52b737208b8d88ee0890db748ef
nominal,IM,1-2,1049,8.848937551937501,28316.6001662,1,1,1,1,1.0,1.0,198.757599,[198.757599],53b8042c0d29fe91598b0f284d9ff85da53a5746eafb492801f6a2bf94e33ecd
nominal,IM,1-2,1050,11.754812551937498,37615.400166199994,2,2,2,2,1.0,1.0,248.855687,"[200.726214,296.98516]",b3a26e5221046f7ee0ccbc90af5f1f0665588536e11b6554bf192f2a06255ebe
nominal,IM,1-2,1051,8.580129510343745,27456.414433099988,0,0,0,0,,,,[],3b38d89321fd2335eeb8599d0ab87040f6c9a1305a309f63a07076e2d84a6421
nominal,IM,1-2,1052,8.580129510343745,27456.414433099988,0,0,0,0,,,,[],212d8b38a50ee73c56803288369ff4697efdaa9f80adf2ad425240a34b5a89d7
nominal,IM,1-2,1053,11.754812551937496,37615.40016619999,1,1,1,1,1.0,1.0,130.939679,[130.939679],003ed4b3adcf97afdebb240fd2edfbca85b04744083508bcbb014424638fea03
nominal,IM,1-2,1054,15.02290184353126,48073.28589930003,3,3,3,3,1.0,1.0,136.84980233333334,"[195.833895,47.341965,167.373547]",bfb6e8fff3c074f87fa14c011c27ae40f261fe8b849a4eded5e11d0d784f1d74
nominal,IM,1-2,1055,18.197584885125007,58232.27163240002,5,5,5,5,1.0,1.0,141.2554882,"[297.275579,187.898908,153.168562,66.437042,1.49735]",54a5ad5b75095e5c0c7de495bcf8fd2771dd377c67a153939c8fdba1efce18d7
nominal,IM,1-2,1056,11.848218801937497,37914.30016619999,3,3,2,2,1.0,1.0,196.50104966666666,"[224.562841,208.527905,156.412403]",39cb6ab71d7f761457c13d60b5b79281a31bae50193f4536fb325d09ffdfef73
nominal,IM,1-2,1057,11.754812551937496,37615.40016619999,3,3,1,2,1.0,0.5,241.827361,"[302.46946,121.755056,301.257567]",1ebf358b2505fe84bcc985e5ae510be980147cf37abe3b170e022b58fbb8f0a8
nominal,IM,1-2,1058,12.023620593531248,38475.58589929999,2,2,1,2,1.0,0.5,284.5771725,"[268.599573,300.554772]",76ea2d2ae1374fb00116abbccb288a23662d5236ccda8685270d26fc75fd43e3
nominal,IM,1-2,1059,5.405446468750001,17297.428700000004,0,0,0,0,,,,[],4f53cda18c2baa0c0354bb5f9a3ecbe5ed12ab4d8e11ba873c2f11161202b945
nominal,IM,1-2,1060,8.580129510343747,27456.41443309999,1,1,1,1,1.0,1.0,113.302335,[113.302335],6bc8718d9bd6b91c1d9c8c0727521f74435cfe64e9d292d91c45a412c0558b72
nominal,IM,1-2,1061,11.848218801937499,37914.300166199995,3,3,3,3,1.0,1.0,180.80355666666665,"[223.744483,95.491238,223.174949]",ba5e8f69261dbfe946e30b21cdbd41b7044230c0a4689ad50ff104449a3fc405
nominal,IM,1-2,1062,11.754812551937496,37615.40016619999,2,2,1,1,1.0,1.0,234.667077,"[247.086159,222.247995]",142319cd9401f990c2e3f60fd5306243dfbd94e3596266c09cf14be77e356698
nominal,IM,1-2,1063,5.674254510343751,18157.614433100003,0,0,0,0,,,,[],e78c7bf4e47b8d9236d93630d587c817338ca551887f8ba457c17e856b539daf
nominal,IM,1-2,1064,14.929495593531254,47774.38589930001,4,4,3,3,1.0,1.0,92.17061174999999,"[109.752085,155.499857,8.54624,94.884265]",25565ef647f8b434fc30f657f6f91000c548df1cc83635275ed21647ba86ecb4
nominal,IM,1-3,1001,8.580129510343747,27456.41443309999,1,1,1,1,1.0,1.0,196.040703,[196.040703],9430acf4d71e09c80a2cc85a31e7211044bfd1c2c2d71a64aaa301b323b0a02b
nominal,IM,1-3,1002,5.405446468750001,17297.428700000004,0,0,0,0,,,,[],fed7f4a040e90a1dacf0aab4ed4c699829d5e2ba226e6db81a8dc5ff0d2aa7f2
nominal,IM,1-3,1003,5.405446468750001,17297.428700000004,0,0,0,0,,,,[],00e9a16ea795d779e8c86fa9bb37e1c3cb5665bbd8baccb27522b414889ba43a
nominal,IM,1-3,1004,8.580129510343749,27456.4144331,1,1,1,1,1.0,1.0,237.077882,[237.077882],4eee956a337a0647f6ccabe80f174f986c0f130a1f2cb362a52cff4b3e06b783
nominal,IM,1-3,1005,8.580129510343747,27456.41443309999,1,1,1,1,1.0,1.0,290.804992,[290.804992],f836270220b6c09661e2dccf89feaa8952c59643f7ec7639da215db6d79dffc7
nominal,IM,1-3,1006,5.405446468750001,17297.428700000004,1,1,0,0,1.0,,296.397151,[296.397151],62b4c64a45d6940cd171844d0cc992f1ce431e3f6c6efc7597afe4171c7f5909
nominal,IM,1-3,1007,8.580129510343749,27456.4144331,1,1,1,1,1.0,1.0,57.063148,[57.063148],526e2915967165192fbc2e6c5304b2d421bf7a8e9a0321e0de002c6d827a940d
nominal,IM,1-3,1008,8.580129510343745,27456.414433099988,0,0,0,0,,,,[],bf8e90f32f6e403a96cdcb9b39746b36596389e86839ff581ef8c0194096b304
nominal,IM,1-3,1009,8.673535760343746,27755.314433099986,2,2,1,2,1.0,0.5,299.5624125,"[301.839249,297.285576]",7d1c0a3b98abc7413c3a261eead8750d23aa17a50fc3a6b51d05e683b57b71da
nominal,IM,1-3,1010,8.580129510343749,27456.4144331,1,1,1,1,1.0,1.0,193.419389,[193.419389],0f1f07778d86aa1cb0f1a203a4ba203a148f514568f0187b632ab0fab7537692
nominal,IM,1-3,1011,8.580129510343749,27456.414433099995,2,2,1,1,1.0,1.0,212.06505199999998,"[279.887078,144.243026]",480470adb016a632676b0212c045a35e34edd6cfb00d19c6a09e1c280a53d522
nominal,IM,1-3,1012,5.405446468750001,17297.428700000004,0,0,0,0,,,,[],4f53cda18c2baa0c0354bb5f9a3ecbe5ed12ab4d8e11ba873c2f11161202b945
nominal,IM,1-3,1013,8.580129510343745,27456.414433099988,1,1,0,0,1.0,,60.425165,[60.425165],32c72b8b2fcb64ba3221589faa358b75f435002335ca5a7e5074be3cbb6b254e
nominal,IM,1-3,1014,11.848218801937499,37914.300166199995,3,3,2,3,1.0,0.6666666666666666,201.989413,"[312.81988,267.220937,25.927422]",57230bb1bfab97f2a0237d99c5c7af82dde4122d4761663f4616751080004dae
nominal,IM,1-3,1015,5.405446468750001,17297.428700000004,1,1,0,0,1.0,,223.358891,[223.358891],bf67c06894aa6068cf0e9896405b36e3ccc16d8c98e1ef5a4569673883ee7582
nominal,IM,1-3,1016,11.754812551937498,37615.400166199994,2,2,2,2,1.0,1.0,145.16464200000001,"[271.377647,18.951637]",7882e23233b2b60064d7e77682e42fafce9d3778fe1d8aed19c34c4608504159
nominal,IM,1-3,1017,8.58012951034375,27456.414433100002,1,1,1,1,1.0,1.0,65.384945,[65.384945],556b92892b4b948c0b10adfc8bc689adb048fe2b1af9590348bb6a2d07325d97
nominal,IM,1-3,1018,8.580129510343749,27456.414433099995,1,1,1,1,1.0,1.0,220.0171,[220.0171],319be9bbb2c28f7a317c7ef2622146771d8a7b5bd8b9277e761b69bbf5854d8c
nominal,IM,1-3,1019,8.580129510343749,27456.414433099995,1,1,1,1,1.0,1.0,29.436368,[29.436368],3ed8ea05f77cacda73961ccc1b47fa64661d29d5849b257322361f2224c55642
nominal,IM,1-3,1020,5.405446468750001,17297.428700000004,1,1,0,0,1.0,,49.387091,[49.387091],9f5a77689a176c94a1f4bd367c761905d81b90234decad2e6c99f04f0b636fc6
nominal,IM,1-3,1021,5.405446468750001,17297.428700000004,0,0,0,0,,,,[],4f53cda18c2baa0c0354bb5f9a3ecbe5ed12ab4d8e11ba873c2f11161202b945
nominal,IM,1-3,1022,8.76694201034375,28054.214433099998,3,3,3,3,1.0,1.0,147.90507966666667,"[227.537442,148.821487,67.35631]",45d3db62d61c7d20e187490b1e8399710147af2c1767c9fb15746b56fd756ef2
nominal,IM,1-3,1023,8.580129510343745,27456.414433099988,2,2,1,1,1.0,1.0,54.09937599999999,"[90.8444,17.354352]",306f5bc75fd32aeb29661f0abb01d924b23b0cbb28d780557cb827fe180d334e
nominal,IM,1-3,1024,8.673535760343746,27755.314433099986,3,3,2,3,1.0,0.6666666666666666,245.76017233333332,"[258.709027,156.386059,322.185431]",a4ad7f92fa62a44cce84eb5c61939aac8ca708187fcdcfcd1eed9e03dc1028b8
nominal,IM,1-3,1025,8.580129510343749,27456.414433099995,2,2,1,1,1.0,1.0,181.45101549999998,"[273.442799,89.459232]",1b152ca3b9a066c35cc082a63e1cb9193a2067a815a108385d3953e0f2917063
nominal,IM,1-3,1026,11.941625051937496,38213.20016619999,5,5,4,5,1.0,0.8,243.21086299999996,"[294.446555,219.545338,288.797584,106.526803,306.738035]",062dba369179d936dd401a7a4cc770a10c4eeb23f519b066670483afe5289278
nominal,IM,1-3,1027,8.580129510343745,27456.414433099988,1,1,1,1,1.0,1.0,9.563456,[9.563456],90653b99453fe0ee0d6095b94709c83b20636a068b73cac656e026ca28ca0efa
nominal,IM,1-3,1028,11.754812551937498,37615.400166199994,2,2,2,2,1.0,1.0,159.6307145,"[153.436657,165.824772]",3e37a112ade938f373697b748900021ac8e57dd9be9c171e6f290a5badafcba4
nominal,IM,1-3,1029,8.580129510343747,27456.41443309999,2,2,1,1,1.0,1.0,223.092142,"[262.090447,184.093837]",25507ef2c38bb8677bca2bcca6f268fd2f13cc9b7be38c10e3020821da44180a
nominal,IM,1-3,1030,15.405322543625003,49297.03213960001,6,6,5,5,1.0,1.0,105.51516099999999,"[97.647692,91.738701,1.0,177.86461,91.913073,172.92689]",96f5342ffe2816487b472242efea79a7432ce5f3765c5a3c95fd0373dffaa244
nominal,IM,1-3,1031,5.405446468750001,17297.428700000004,0,0,0,0,,,,[],4f53cda18c2baa0c0354bb5f9a3ecbe5ed12ab4d8e11ba873c2f11161202b945
nominal,IM,1-3,1032,14.92949559353125,47774.3858993,2,2,0,2,1.0,0.0,306.51415,"[308.839306,304.188994]",fc358eb7880767f6f1bbba495b57ce3b25aaa45e3968cf80be5195b18056f689
nominal,IM,1-3,1033,5.405446468750001,17297.428700000004,0,0,0,0,,,,[],4f53cda18c2baa0c0354bb5f9a3ecbe5ed12ab4d8e11ba873c2f11161202b945
nominal,IM,1-3,1034,8.580129510343749,27456.414433099995,1,1,1,1,1.0,1.0,133.248908,[133.248908],0c6acd47f16dad175737a3d64efe8118bd4083e913301f3f838e261864232c11
nominal,IM,1-3,1035,11.7548125519375,37615.4001662,2,2,0,2,1.0,0.0,310.68823,"[309.241549,312.134911]",1e1b08f9beb064df2383befa09a2d2802c1848d1c18a4d306a5d03502c008015
nominal,IM,1-3,1036,11.754812551937498,37615.400166199994,2,2,2,2,1.0,1.0,168.609055,"[157.193636,180.024474]",a0723963f0b8528010109bf69b058e5045cbc3a808dc89cd34d7f240bf136604
nominal,IM,1-3,1037,11.754812551937498,37615.400166199994,2,2,2,2,1.0,1.0,259.4327725,"[297.724294,221.141251]",5fd4ce6e37d18f80f80e5adcd40c47000ae31005b1e818cae07483c33a4b4794
nominal,IM,1-3,1038,15.02290184353125,48073.2858993,2,2,2,2,1.0,1.0,250.934964,"[265.670518,236.19941]",d573b0f0caf37840d976dbf6431a142e4314df290863161ad5328a7fde35a891
nominal,IM,1-3,1039,8.8489375519375,28316.600166199998,1,1,1,1,1.0,1.0,221.105566,[221.105566],fd6941408e266c611388e4a2780adf9ab6674d92550d053d2d7f64ebbdbafd07
nominal,IM,1-3,1040,8.580129510343745,27456.414433099988,2,2,1,1,1.0,1.0,147.785617,"[91.488384,204.08285]",68ca7b0e3480e0221bf34309f0cf78704c9d5eec0c3e9ecb1d89cb85e669b5c7
nominal,IM,1-3,1041,11.754812551937498,37615.400166199994,1,1,1,1,1.0,1.0,139.49717,[139.49717],fd88be1be03817ff14582416d4d2aaa421e516111555b04282ef27a81acdda10
nominal,IM,1-3,1042,11.754812551937496,37615.40016619999,2,2,2,2,1.0,1.0,74.732415,"[79.210869,70.253961]",de646cd8e9067faa9dd5789998062d51be1092abca8d7fd1eedc0587759fde5f
nominal,IM,1-3,1043,5.405446468750001,17297.428700000004,0,0,0,0,,,,[],4f53cda18c2baa0c0354bb5f9a3ecbe5ed12ab4d8e11ba873c2f11161202b945
nominal,IM,1-3,1044,14.929495593531248,47774.385899299996,4,4,3,3,1.0,1.0,61.42791675,"[8.104389,50.335529,117.845344,69.426405]",3c391600ed5436ff2d4a36770b490cfc8bdae5f5b6fe1f30be377db54e09309b
nominal,IM,1-3,1045,8.580129510343745,27456.414433099988,0,0,0,0,,,,[],dce0559ffbbb13d9308379f35af716591345d0c0a5b9d0286f717f6301dce857
nominal,IM,1-3,1046,5.405446468750001,17297.428700000004,0,0,0,0,,,,[],4f53cda18c2baa0c0354bb5f9a3ecbe5ed12ab4d8e11ba873c2f11161202b945
nominal,IM,1-3,1047,5.405446468750001,17297.428700000004,0,0,0,0,,,,[],4f53cda18c2baa0c0354bb5f9a3ecbe5ed12ab4d8e11ba873c2f11161202b945
nominal,IM,1-3,1048,18.290991135125015,58531.171632400044,5,5,5,5,1.0,1.0,118.4560228,"[37.013607,179.339265,242.793879,101.89117,31.242193]",4c10015ca84c9a75cf9eb61e678cb0db48a6a52b737208b8d88ee0890db748ef
nominal,IM,1-3,1049,8.848937551937501,28316.6001662,1,1,1,1,1.0,1.0,198.757599,[198.757599],53b8042c0d29fe91598b0f284d9ff85da53a5746eafb492801f6a2bf94e33ecd
nominal,IM,1-3,1050,11.754812551937498,37615.400166199994,2,2,2,2,1.0,1.0,248.855687,"[200.726214,296.98516]",b3a26e5221046f7ee0ccbc90af5f1f0665588536e11b6554bf192f2a06255ebe
nominal,IM,1-3,1051,8.580129510343745,27456.414433099988,0,0,0,0,,,,[],3b38d89321fd2335eeb8599d0ab87040f6c9a1305a309f63a07076e2d84a6421
nominal,IM,1-3,1052,8.580129510343745,27456.414433099988,0,0,0,0,,,,[],212d8b38a50ee73c56803288369ff4697efdaa9f80adf2ad425240a34b5a89d7
nominal,IM,1-3,1053,11.754812551937496,37615.40016619999,1,1,1,1,1.0,1.0,130.939679,[130.939679],003ed4b3adcf97afdebb240fd2edfbca85b04744083508bcbb014424638fea03
nominal,IM,1-3,1054,15.02290184353126,48073.28589930003,3,3,3,3,1.0,1.0,136.84980233333334,"[195.833895,47.341965,167.373547]",bfb6e8fff3c074f87fa14c011c27ae40f261fe8b849a4eded5e11d0d784f1d74
nominal,IM,1-3,1055,18.197584885125007,58232.27163240002,5,5,5,5,1.0,1.0,141.2554882,"[297.275579,187.898908,153.168562,66.437042,1.49735]",54a5ad5b75095e5c0c7de495bcf8fd2771dd377c67a153939c8fdba1efce18d7
nominal,IM,1-3,1056,11.848218801937497,37914.30016619999,3,3,2,2,1.0,1.0,196.50104966666666,"[224.562841,208.527905,156.412403]",39cb6ab71d7f761457c13d60b5b79281a31bae50193f4536fb325d09ffdfef73
nominal,IM,1-3,1057,11.754812551937496,37615.40016619999,3,3,1,2,1.0,0.5,241.827361,"[302.46946,121.755056,301.257567]",1ebf358b2505fe84bcc985e5ae510be980147cf37abe3b170e022b58fbb8f0a8
nominal,IM,1-3,1058,12.023620593531248,38475.58589929999,2,2,1,2,1.0,0.5,284.5771725,"[268.599573,300.554772]",76ea2d2ae1374fb00116abbccb288a23662d5236ccda8685270d26fc75fd43e3
nominal,IM,1-3,1059,5.405446468750001,17297.428700000004,0,0,0,0,,,,[],4f53cda18c2baa0c0354bb5f9a3ecbe5ed12ab4d8e11ba873c2f11161202b945
nominal,IM,1-3,1060,8.580129510343747,27456.41443309999,1,1,1,1,1.0,1.0,113.302335,[113.302335],6bc8718d9bd6b91c1d9c8c0727521f74435cfe64e9d292d91c45a412c0558b72
nominal,IM,1-3,1061,11.848218801937499,37914.300166199995,3,3,3,3,1.0,1.0,180.80355666666665,"[223.744483,95.491238,223.174949]",ba5e8f69261dbfe946e30b21cdbd41b7044230c0a4689ad50ff104449a3fc405
nominal,IM,1-3,1062,11.754812551937496,37615.40016619999,2,2,1,1,1.0,1.0,234.667077,"[247.086159,222.247995]",142319cd9401f990c2e3f60fd5306243dfbd94e3596266c09cf14be77e356698
nominal,IM,1-3,1063,5.674254510343751,18157.614433100003,0,0,0,0,,,,[],e78c7bf4e47b8d9236d93630d587c817338ca551887f8ba457c17e856b539daf
nominal,IM,1-3,1064,14.929495593531254,47774.38589930001,4,4,3,3,1.0,1.0,92.17061174999999,"[109.752085,155.499857,8.54624,94.884265]",25565ef647f8b434fc30f657f6f91000c548df1cc83635275ed21647ba86ecb4
nominal,IM,1-4,1001,4.81294646875,15401.4287,1,1,1,1,1.0,1.0,196.040703,[196.040703],9430acf4d71e09c80a2cc85a31e7211044bfd1c2c2d71a64aaa301b323b0a02b
nominal,IM,1-4,1002,1.5191964687500001,4861.4287,0,0,0,0,,,,[],fed7f4a040e90a1dacf0aab4ed4c699829d5e2ba226e6db81a8dc5ff0d2aa7f2
nominal,IM,1-4,1003,1.5191964687500001,4861.4287,0,0,0,0,,,,[],00e9a16ea795d779e8c86fa9bb37e1c3cb5665bbd8baccb27522b414889ba43a
nominal,IM,1-4,1004,4.81294646875,15401.4287,1,1,1,1,1.0,1.0,237.077882,[237.077882],4eee956a337a0647f6ccabe80f174f986c0f130a1f2cb362a52cff4b3e06b783
nominal,IM,1-4,1005,4.81294646875,15401.4287,1,1,1,1,1.0,1.0,290.804992,[290.804992],f836270220b6c09661e2dccf89feaa8952c59643f7ec7639da215db6d79dffc7
nominal,IM,1-4,1006,1.5191964687500001,4861.4287,1,1,0,0,1.0,,296.397151,[296.397151],62b4c64a45d6940cd171844d0cc992f1ce431e3f6c6efc7597afe4171c7f5909
nominal,IM,1-4,1007,4.81294646875,15401.4287,1,1,1,1,1.0,1.0,57.063148,[57.063148],526e2915967165192fbc2e6c5304b2d421bf7a8e9a0321e0de002c6d827a940d
nominal,IM,1-4,1008,4.81294646875,15401.4287,0,0,0,0,,,,[],bf8e90f32f6e403a96cdcb9b39746b36596389e86839ff581ef8c0194096b304
nominal,IM,1-4,1009,4.906352718750001,15700.328700000002,2,2,1,2,1.0,0.5,299.5624125,"[301.839249,297.285576]",7d1c0a3b98abc7413c3a261eead8750d23aa17a50fc3a6b51d05e683b57b71da
nominal,IM,1-4,1010,4.81294646875,15401.4287,1,1,1,1,1.0,1.0,193.419389,[193.419389],0f1f07778d86aa1cb0f1a203a4ba203a148f514568f0187b632ab0fab7537692
nominal,IM,1-4,1011,4.81294646875,15401.4287,2,2,1,1,1.0,1.0,212.06505199999998,"[279.887078,144.243026]",480470adb016a632676b0212c045a35e34edd6cfb00d19c6a09e1c280a53d522
nominal,IM,1-4,1012,1.5191964687500001,4861.4287,0,0,0,0,,,,[],4f53cda18c2baa0c0354bb5f9a3ecbe5ed12ab4d8e11ba873c2f11161202b945
nominal,IM,1-4,1013,4.81294646875,15401.4287,1,1,0,0,1.0,,60.425165,[60.425165],32c72b8b2fcb64ba3221589faa358b75f435002335ca5a7e5074be3cbb6b254e
nominal,IM,1-4,1014,8.200102718750001,26240.328700000002,3,3,2,3,1.0,0.6666666666666666,201.989413,"[312.81988,267.220937,25.927422]",57230bb1bfab97f2a0237d99c5c7af82dde4122d4761663f4616751080004dae
nominal,IM,1-4,1015,1.5191964687500001,4861.4287,1,1,0,0,1.0,,223.358891,[223.358891],bf67c06894aa6068cf0e9896405b36e3ccc16d8c98e1ef5a4569673883ee7582
nominal,IM,1-4,1016,8.10669646875,25941.4287,2,2,2,2,1.0,1.0,145.16464200000001,"[271.377647,18.951637]",7882e23233b2b60064d7e77682e42fafce9d3778fe1d8aed19c34c4608504159
nominal,IM,1-4,1017,4.81294646875,15401.4287,1,1,1,1,1.0,1.0,65.384945,[65.384945],556b92892b4b948c0b10adfc8bc689adb048fe2b1af9590348bb6a2d07325d97
nominal,IM,1-4,1018,4.81294646875,15401.4287,1,1,1,1,1.0,1.0,220.0171,[220.0171],319be9bbb2c28f7a317c7ef2622146771d8a7b5bd8b9277e761b69bbf5854d8c
nominal,IM,1-4,1019,4.81294646875,15401.4287,1,1,1,1,1.0,1.0,29.436368,[29.436368],3ed8ea05f77cacda73961ccc1b47fa64661d29d5849b257322361f2224c55642
nominal,IM,1-4,1020,1.5191964687500001,4861.4287,1,1,0,0,1.0,,49.387091,[49.387091],9f5a77689a176c94a1f4bd367c761905d81b90234decad2e6c99f04f0b636fc6
nominal,IM,1-4,1021,1.5191964687500001,4861.4287,0,0,0,0,,,,[],4f53cda18c2baa0c0354bb5f9a3ecbe5ed12ab4d8e11ba873c2f11161202b945
nominal,IM,1-4,1022,4.99975896875,15999.2287,3,3,3,3,1.0,1.0,147.90507966666667,"[227.537442,148.821487,67.35631]",45d3db62d61c7d20e187490b1e8399710147af2c1767c9fb15746b56fd756ef2
nominal,IM,1-4,1023,4.81294646875,15401.4287,2,2,1,1,1.0,1.0,54.09937599999999,"[90.8444,17.354352]",306f5bc75fd32aeb29661f0abb01d924b23b0cbb28d780557cb827fe180d334e
nominal,IM,1-4,1024,4.906352718750001,15700.328700000002,3,3,2,3,1.0,0.6666666666666666,245.76017233333332,"[258.709027,156.386059,322.185431]",a4ad7f92fa62a44cce84eb5c61939aac8ca708187fcdcfcd1eed9e03dc1028b8
nominal,IM,1-4,1025,4.81294646875,15401.4287,2,2,1,1,1.0,1.0,181.45101549999998,"[273.442799,89.459232]",1b152ca3b9a066c35cc082a63e1cb9193a2067a815a108385d3953e0f2917063
nominal,IM,1-4,1026,8.29350896875,26539.228700000003,5,5,4,5,1.0,0.8,243.21086299999996,"[294.446555,219.545338,288.797584,106.526803,306.738035]",062dba369179d936dd401a7a4cc770a10c4eeb23f519b066670483afe5289278
nominal,IM,1-4,1027,4.81294646875,15401.4287,1,1,1,1,1.0,1.0,9.563456,[9.563456],90653b99453fe0ee0d6095b94709c83b20636a068b73cac656e026ca28ca0efa
nominal,IM,1-4,1028,8.10669646875,25941.4287,2,2,2,2,1.0,1.0,159.6307145,"[153.436657,165.824772]",3e37a112ade938f373697b748900021ac8e57dd9be9c171e6f290a5badafcba4
nominal,IM,1-4,1029,4.81294646875,15401.4287,2,2,1,1,1.0,1.0,223.092142,"[262.090447,184.093837]",25507ef2c38bb8677bca2bcca6f268fd2f13cc9b7be38c10e3020821da44180a
nominal,IM,1-4,1030,11.876273418843748,38004.07494029999,6,6,5,5,1.0,1.0,105.51516099999999,"[97.647692,91.738701,1.0,177.86461,91.913073,172.92689]",96f5342ffe2816487b472242efea79a7432ce5f3765c5a3c95fd0373dffaa244
nominal,IM,1-4,1031,1.5191964687500001,4861.4287,0,0,0,0,,,,[],4f53cda18c2baa0c0354bb5f9a3ecbe5ed12ab4d8e11ba873c2f11161202b945
nominal,IM,1-4,1032,11.400446468750001,36481.428700000004,2,2,0,2,1.0,0.0,306.51415,"[308.839306,304.188994]",fc358eb7880767f6f1bbba495b57ce3b25aaa45e3968cf80be5195b18056f689
nominal,IM,1-4,1033,1.5191964687500001,4861.4287,0,0,0,0,,,,[],4f53cda18c2baa0c0354bb5f9a3ecbe5ed12ab4d8e11ba873c2f11161202b945
nominal,IM,1-4,1034,4.81294646875,15401.4287,1,1,1,1,1.0,1.0,133.248908,[133.248908],0c6acd47f16dad175737a3d64efe8118bd4083e913301f3f838e261864232c11
nominal,IM,1-4,1035,8.10669646875,25941.4287,2,2,0,2,1.0,0.0,310.68823,"[309.241549,312.134911]",1e1b08f9beb064df2383befa09a2d2802c1848d1c18a4d306a5d03502c008015
nominal,IM,1-4,1036,8.10669646875,25941.4287,2,2,2,2,1.0,1.0,168.609055,"[157.193636,180.024474]",a0723963f0b8528010109bf69b058e5045cbc3a808dc89cd34d7f240bf136604
nominal,IM,1-4,1037,8.10669646875,25941.4287,2,2,2,2,1.0,1.0,259.4327725,"[297.724294,221.141251]",5fd4ce6e37d18f80f80e5adcd40c47000ae31005b1e818cae07483c33a4b4794
nominal,IM,1-4,1038,11.493852718749999,36780.3287,2,2,2,2,1.0,1.0,250.934964,"[265.670518,236.19941]",d573b0f0caf37840d976dbf6431a142e4314df290863161ad5328a7fde35a891
nominal,IM,1-4,1039,5.20082146875,16642.6287,1,1,1,1,1.0,1.0,221.105566,[221.105566],fd6941408e266c611388e4a2780adf9ab6674d92550d053d2d7f64ebbdbafd07
nominal,IM,1-4,1040,4.81294646875,15401.4287,2,2,1,1,1.0,1.0,147.785617,"[91.488384,204.08285]",68ca7b0e3480e0221bf34309f0cf78704c9d5eec0c3e9ecb1d89cb85e669b5c7
nominal,IM,1-4,1041,8.10669646875,25941.4287,1,1,1,1,1.0,1.0,139.49717,[139.49717],fd88be1be03817ff14582416d4d2aaa421e516111555b04282ef27a81acdda10
nominal,IM,1-4,1042,8.10669646875,25941.4287,2,2,2,2,1.0,1.0,74.732415,"[79.210869,70.253961]",de646cd8e9067faa9dd5789998062d51be1092abca8d7fd1eedc0587759fde5f
nominal,IM,1-4,1043,1.5191964687500001,4861.4287,0,0,0,0,,,,[],4f53cda18c2baa0c0354bb5f9a3ecbe5ed12ab4d8e11ba873c2f11161202b945
nominal,IM,1-4,1044,11.40044646875,36481.4287,4,4,3,3,1.0,1.0,61.42791675,"[8.104389,50.335529,117.845344,69.426405]",3c391600ed5436ff2d4a36770b490cfc8bdae5f5b6fe1f30be377db54e09309b
nominal,IM,1-4,1045,4.81294646875,15401.4287,0,0,0,0,,,,[],dce0559ffbbb13d9308379f35af716591345d0c0a5b9d0286f717f6301dce857
nominal,IM,1-4,1046,1.5191964687500001,4861.4287,0,0,0,0,,,,[],4f53cda18c2baa0c0354bb5f9a3ecbe5ed12ab4d8e11ba873c2f11161202b945
nominal,IM,1-4,1047,1.5191964687500001,4861.4287,0,0,0,0,,,,[],4f53cda18c2baa0c0354bb5f9a3ecbe5ed12ab4d8e11ba873c2f11161202b945
nominal,IM,1-4,1048,14.88100896875,47619.2287,5,5,5,5,1.0,1.0,118.4560228,"[37.013607,179.339265,242.793879,101.89117,31.242193]",4c10015ca84c9a75cf9eb61e678cb0db48a6a52b737208b8d88ee0890db748ef
nominal,IM,1-4,1049,5.20082146875,16642.6287,1,1,1,1,1.0,1.0,198.757599,[198.757599],53b8042c0d29fe91598b0f284d9ff85da53a5746eafb492801f6a2bf94e33ecd
nominal,IM,1-4,1050,8.10669646875,25941.4287,2,2,2,2,1.0,1.0,248.855687,"[200.726214,296.98516]",b3a26e5221046f7ee0ccbc90af5f1f0665588536e11b6554bf192f2a06255ebe
nominal,IM,1-4,1051,4.81294646875,15401.4287,0,0,0,0,,,,[],3b38d89321fd2335eeb8599d0ab87040f6c9a1305a309f63a07076e2d84a6421
nominal,IM,1-4,1052,4.81294646875,15401.4287,0,0,0,0,,,,[],212d8b38a50ee73c56803288369ff4697efdaa9f80adf2ad425240a34b5a89d7
nominal,IM,1-4,1053,8.10669646875,25941.4287,1,1,1,1,1.0,1.0,130.939679,[130.939679],003ed4b3adcf97afdebb240fd2edfbca85b04744083508bcbb014424638fea03
nominal,IM,1-4,1054,11.493852718750002,36780.328700000005,3,3,3,3,1.0,1.0,136.84980233333334,"[195.833895,47.341965,167.373547]",bfb6e8fff3c074f87fa14c011c27ae40f261fe8b849a4eded5e11d0d784f1d74
nominal,IM,1-4,1055,14.78760271875,47320.3287,5,5,5,5,1.0,1.0,141.2554882,"[297.275579,187.898908,153.168562,66.437042,1.49735]",54a5ad5b75095e5c0c7de495bcf8fd2771dd377c67a153939c8fdba1efce18d7
nominal,IM,1-4,1056,8.200102718750001,26240.328700000002,3,3,2,2,1.0,1.0,196.50104966666666,"[224.562841,208.527905,156.412403]",39cb6ab71d7f761457c13d60b5b79281a31bae50193f4536fb325d09ffdfef73
nominal,IM,1-4,1057,8.10669646875,25941.4287,3,3,1,2,1.0,0.5,241.827361,"[302.46946,121.755056,301.257567]",1ebf358b2505fe84bcc985e5ae510be980147cf37abe3b170e022b58fbb8f0a8
nominal,IM,1-4,1058,8.494571468750001,27182.6287,2,2,1,2,1.0,0.5,284.5771725,"[268.599573,300.554772]",76ea2d2ae1374fb00116abbccb288a23662d5236ccda8685270d26fc75fd43e3
nominal,IM,1-4,1059,1.5191964687500001,4861.4287,0,0,0,0,,,,[],4f53cda18c2baa0c0354bb5f9a3ecbe5ed12ab4d8e11ba873c2f11161202b945
nominal,IM,1-4,1060,4.81294646875,15401.4287,1,1,1,1,1.0,1.0,113.302335,[113.302335],6bc8718d9bd6b91c1d9c8c0727521f74435cfe64e9d292d91c45a412c0558b72
nominal,IM,1-4,1061,8.200102718750001,26240.328700000002,3,3,3,3,1.0,1.0,180.80355666666665,"[223.744483,95.491238,223.174949]",ba5e8f69261dbfe946e30b21cdbd41b7044230c0a4689ad50ff104449a3fc405
nominal,IM,1-4,1062,8.10669646875,25941.4287,2,2,1,1,1.0,1.0,234.667077,"[247.086159,222.247995]",142319cd9401f990c2e3f60fd5306243dfbd94e3596266c09cf14be77e356698
nominal,IM,1-4,1063,1.90707146875,6102.6287,0,0,0,0,,,,[],e78c7bf4e47b8d9236d93630d587c817338ca551887f8ba457c17e856b539daf
nominal,IM,1-4,1064,11.400446468750001,36481.428700000004,4,4,3,3,1.0,1.0,92.17061174999999,"[109.752085,155.499857,8.54624,94.884265]",25565ef647f8b434fc30f657f6f91000c548df1cc83635275ed21647ba86ecb4
nominal,IM,1-5,1001,7.342079387718746,23494.65404069999,1,1,1,1,1.0,1.0,12.540703,[12.540703],9430acf4d71e09c80a2cc85a31e7211044bfd1c2c2d71a64aaa301b323b0a02b
nominal,IM,1-5,1002,7.637423161906247,24439.75411809999,0,0,0,0,,,,[],fed7f4a040e90a1dacf0aab4ed4c699829d5e2ba226e6db81a8dc5ff0d2aa7f2
nominal,IM,1-5,1003,9.638086098812499,30841.875516199994,0,0,0,0,,,,[],00e9a16ea795d779e8c86fa9bb37e1c3cb5665bbd8baccb27522b414889ba43a
nominal,IM,1-5,1004,7.921630735937497,25349.21835499999,1,1,1,1,1.0,1.0,13.577882,[13.577882],4eee956a337a0647f6ccabe80f174f986c0f130a1f2cb362a52cff4b3e06b783
nominal,IM,1-5,1005,8.515070461531247,27248.225476899992,1,1,1,1,1.0,1.0,12.304992,[12.304992],f836270220b6c09661e2dccf89feaa8952c59643f7ec7639da215db6d79dffc7
nominal,IM,1-5,1006,7.729619564281247,24734.78260569999,1,1,0,0,1.0,,12.897151,[12.897151],62b4c64a45d6940cd171844d0cc992f1ce431e3f6c6efc7597afe4171c7f5909
nominal,IM,1-5,1007,6.944112882812497,22221.161224999993,1,1,1,1,1.0,1.0,13.563148,[13.563148],526e2915967165192fbc2e6c5304b2d421bf7a8e9a0321e0de002c6d827a940d
nominal,IM,1-5,1008,7.726871809374997,24725.989789999992,0,0,0,0,,,,[],bf8e90f32f6e403a96cdcb9b39746b36596389e86839ff581ef8c0194096b304
nominal,IM,1-5,1009,9.146751265624996,29269.604049999987,2,2,2,2,1.0,1.0,11.0624125,"[13.339249,8.785576]",7d1c0a3b98abc7413c3a261eead8750d23aa17a50fc3a6b51d05e683b57b71da
nominal,IM,1-5,1010,7.901655290031248,25285.296928099993,1,1,1,1,1.0,1.0,14.919389,[14.919389],0f1f07778d86aa1cb0f1a203a4ba203a148f514568f0187b632ab0fab7537692
nominal,IM,1-5,1011,8.275188765624996,26480.60404999999,2,2,1,1,1.0,1.0,13.565052000000001,"[11.387078,15.743026]",480470adb016a632676b0212c045a35e34edd6cfb00d19c6a09e1c280a53d522
nominal,IM,1-5,1012,7.5921731568437485,24294.954101899995,0,0,0,0,,,,[],4f53cda18c2baa0c0354bb5f9a3ecbe5ed12ab4d8e11ba873c2f11161202b945
nominal,IM,1-5,1013,9.028217794718747,28890.29694309999,1,1,0,0,1.0,,11.925165,[11.925165],32c72b8b2fcb64ba3221589faa358b75f435002335ca5a7e5074be3cbb6b254e
nominal,IM,1-5,1014,11.359579388843747,36350.65404429999,3,3,3,3,1.0,1.0,13.156079666666665,"[14.31988,12.720937,12.427422]",57230bb1bfab97f2a0237d99c5c7af82dde4122d4761663f4616751080004dae
nominal,IM,1-5,1015,9.526304848812497,30484.17551619999,1,1,0,0,1.0,,14.858891,[14.858891],bf67c06894aa6068cf0e9896405b36e3ccc16d8c98e1ef5a4569673883ee7582
nominal,IM,1-5,1016,9.633563775374997,30827.404081199988,2,2,2,2,1.0,1.0,14.164642,"[12.877647,15.451637]",7882e23233b2b60064d7e77682e42fafce9d3778fe1d8aed19c34c4608504159
nominal,IM,1-5,1017,8.238077162499996,26361.84691999999,1,1,1,1,1.0,1.0,11.884945,[11.884945],556b92892b4b948c0b10adfc8bc689adb048fe2b1af9590348bb6a2d07325d97
nominal,IM,1-5,1018,7.534090559374996,24109.089789999987,1,1,1,1,1.0,1.0,11.5171,[11.5171],319be9bbb2c28f7a317c7ef2622146771d8a7b5bd8b9277e761b69bbf5854d8c
nominal,IM,1-5,1019,7.931414235718747,25380.52555429999,1,1,1,1,1.0,1.0,15.936368,[15.936368],3ed8ea05f77cacda73961ccc1b47fa64661d29d5849b257322361f2224c55642
nominal,IM,1-5,1020,7.976956637499998,25526.261239999993,1,1,0,0,1.0,,15.887091,[15.887091],9f5a77689a176c94a1f4bd367c761905d81b90234decad2e6c99f04f0b636fc6
nominal,IM,1-5,1021,9.091507961531248,29092.825476899994,0,0,0,0,,,,[],4f53cda18c2baa0c0354bb5f9a3ecbe5ed12ab4d8e11ba873c2f11161202b945
nominal,IM,1-5,1022,9.43585617284375,30194.739753099995,3,3,3,3,1.0,1.0,13.405079666666666,"[14.037442,14.321487,11.85631]",45d3db62d61c7d20e187490b1e8399710147af2c1767c9fb15746b56fd756ef2
nominal,IM,1-5,1023,8.240717784968746,26370.29691189999,2,2,1,1,1.0,1.0,13.099376,"[12.3444,13.854352]",306f5bc75fd32aeb29661f0abb01d924b23b0cbb28d780557cb827fe180d334e
nominal,IM,1-5,1024,10.032425364437497,32103.76116619999,3,3,3,3,1.0,1.0,15.260172333333335,"[15.209027,16.886059,13.685431]",a4ad7f92fa62a44cce84eb5c61939aac8ca708187fcdcfcd1eed9e03dc1028b8
nominal,IM,1-5,1025,8.684005746531248,27788.818388899992,2,2,1,1,1.0,1.0,8.479616,"[1.0,15.959232]",1b152ca3b9a066c35cc082a63e1cb9193a2067a815a108385d3953e0f2917063
nominal,IM,1-5,1026,10.567822678125,33817.032569999996,5,5,5,5,1.0,1.0,14.310863000000001,"[15.946555,15.045338,15.297584,12.026803,13.238035]",062dba369179d936dd401a7a4cc770a10c4eeb23f519b066670483afe5289278
nominal,IM,1-5,1027,8.974235638093747,28717.554041899988,1,1,1,1,1.0,1.0,16.063456,[16.063456],90653b99453fe0ee0d6095b94709c83b20636a068b73cac656e026ca28ca0efa
nominal,IM,1-5,1028,9.005900819718747,28818.88262309999,2,2,2,2,1.0,1.0,13.6307145,"[14.936657,12.324772]",3e37a112ade938f373697b748900021ac8e57dd9be9c171e6f290a5badafcba4
nominal,IM,1-5,1029,8.751978942187497,28006.33261499999,2,2,1,1,1.0,1.0,14.592141999999999,"[13.590447,15.593837]",25507ef2c38bb8677bca2bcca6f268fd2f13cc9b7be38c10e3020821da44180a
nominal,IM,1-5,1030,11.485333854468749,36753.0683343,6,6,5,5,1.0,1.0,12.623273166666666,"[14.147692,8.238701,11.148673,14.36461,13.413073,14.42689]",96f5342ffe2816487b472242efea79a7432ce5f3765c5a3c95fd0373dffaa244
nominal,IM,1-5,1031,8.993523583999997,28779.27546879999,0,0,0,0,,,,[],4f53cda18c2baa0c0354bb5f9a3ecbe5ed12ab4d8e11ba873c2f11161202b945
nominal,IM,1-5,1032,9.898391888468748,31674.854043099993,2,2,2,2,1.0,1.0,15.51415,"[15.339306,15.688994]",fc358eb7880767f6f1bbba495b57ce3b25aaa45e3968cf80be5195b18056f689
nominal,IM,1-5,1033,7.550737882812496,24162.361224999986,0,0,0,0,,,,[],4f53cda18c2baa0c0354bb5f9a3ecbe5ed12ab4d8e11ba873c2f11161202b945
nominal,IM,1-5,1034,7.114378510343747,22766.01123309999,1,1,1,1,1.0,1.0,14.748908,[14.748908],0c6acd47f16dad175737a3d64efe8118bd4083e913301f3f838e261864232c11
nominal,IM,1-5,1035,9.305702157812497,29778.246904999993,2,2,2,2,1.0,1.0,14.68823,"[15.741549,13.634911]",1e1b08f9beb064df2383befa09a2d2802c1848d1c18a4d306a5d03502c008015
nominal,IM,1-5,1036,8.442813770687497,27017.004066199992,2,2,2,2,1.0,1.0,12.609055,"[13.693636,11.524474]",a0723963f0b8528010109bf69b058e5045cbc3a808dc89cd34d7f240bf136604
nominal,IM,1-5,1037,8.990773598812497,28770.475516199993,2,2,2,2,1.0,1.0,13.4327725,"[14.224294,12.641251]",5fd4ce6e37d18f80f80e5adcd40c47000ae31005b1e818cae07483c33a4b4794
nominal,IM,1-5,1038,10.227583849406246,32728.26831809999,2,2,2,2,1.0,1.0,12.434964,"[12.170518,12.69941]",d573b0f0caf37840d976dbf6431a142e4314df290863161ad5328a7fde35a891
nominal,IM,1-5,1039,9.049438770687498,28958.204066199993,1,1,1,1,1.0,1.0,12.605566,[12.605566],fd6941408e266c611388e4a2780adf9ab6674d92550d053d2d7f64ebbdbafd07
nominal,IM,1-5,1040,9.755449912718747,31217.439720699993,2,2,1,1,1.0,1.0,14.285617,"[12.988384,15.58285]",68ca7b0e3480e0221bf34309f0cf78704c9d5eec0c3e9ecb1d89cb85e669b5c7
nominal,IM,1-5,1041,9.776362878499999,31284.361211199997,1,1,1,1,1.0,1.0,15.99717,[15.99717],fd88be1be03817ff14582416d4d2aaa421e516111555b04282ef27a81acdda10
nominal,IM,1-5,1042,9.028682064656246,28891.78260689999,2,2,2,2,1.0,1.0,13.732415,"[15.710869,11.753961]",de646cd8e9067faa9dd5789998062d51be1092abca8d7fd1eedc0587759fde5f
nominal,IM,1-5,1043,7.756637431843748,24821.239781899993,0,0,0,0,,,,[],4f53cda18c2baa0c0354bb5f9a3ecbe5ed12ab4d8e11ba873c2f11161202b945
nominal,IM,1-5,1044,11.253644109749999,36011.661151199994,4,4,3,3,1.0,1.0,14.17791675,"[14.604389,11.835529,14.345344,15.926405]",3c391600ed5436ff2d4a36770b490cfc8bdae5f5b6fe1f30be377db54e09309b
nominal,IM,1-5,1045,8.674436534968747,27758.19691189999,0,0,0,0,,,,[],dce0559ffbbb13d9308379f35af716591345d0c0a5b9d0286f717f6301dce857
nominal,IM,1-5,1046,7.830398598437496,25057.275514999987,0,0,0,0,,,,[],4f53cda18c2baa0c0354bb5f9a3ecbe5ed12ab4d8e11ba873c2f11161202b945
nominal,IM,1-5,1047,6.960760206249997,22274.43265999999,0,0,0,0,,,,[],4f53cda18c2baa0c0354bb5f9a3ecbe5ed12ab4d8e11ba873c2f11161202b945
nominal,IM,1-5,1048,11.047166437875,35350.932601199995,5,5,5,5,1.0,1.0,14.3560228,"[13.513607,15.839265,14.293879,12.39117,15.742193]",4c10015ca84c9a75cf9eb61e678cb0db48a6a52b737208b8d88ee0890db748ef
nominal,IM,1-5,1049,7.693295902749997,24618.546888799992,1,1,1,1,1.0,1.0,15.257599,[15.257599],53b8042c0d29fe91598b0f284d9ff85da53a5746eafb492801f6a2bf94e33ecd
nominal,IM,1-5,1050,9.548978932812497,30556.73258499999,2,2,2,2,1.0,1.0,15.355687,"[12.226214,18.48516]",b3a26e5221046f7ee0ccbc90af5f1f0665588536e11b6554bf192f2a06255ebe
nominal,IM,1-5,1051,8.176374040031247,26164.396928099988,0,0,0,0,,,,[],3b38d89321fd2335eeb8599d0ab87040f6c9a1305a309f63a07076e2d84a6421
nominal,IM,1-5,1052,7.550737882812498,24162.361224999993,0,0,0,0,,,,[],212d8b38a50ee73c56803288369ff4697efdaa9f80adf2ad425240a34b5a89d7
nominal,IM,1-5,1053,8.589757961531248,27487.225476899992,1,1,1,1,1.0,1.0,12.439679,[12.439679],003ed4b3adcf97afdebb240fd2edfbca85b04744083508bcbb014424638fea03
nominal,IM,1-5,1054,8.409702148062497,26911.046873799987,3,3,3,3,1.0,1.0,13.016469,"[12.333895,12.841965,13.873547]",bfb6e8fff3c074f87fa14c011c27ae40f261fe8b849a4eded5e11d0d784f1d74
nominal,IM,1-5,1055,11.001340531249998,35204.289699999994,5,5,5,5,1.0,1.0,14.5554882,"[13.775579,19.398908,14.668562,12.937042,11.99735]",54a5ad5b75095e5c0c7de495bcf8fd2771dd377c67a153939c8fdba1efce18d7
nominal,IM,1-5,1056,8.352382966593748,26727.625493099993,3,3,2,2,1.0,1.0,9.991748,"[16.062841,1.0,12.912403]",39cb6ab71d7f761457c13d60b5b79281a31bae50193f4536fb325d09ffdfef73
nominal,IM,1-5,1057,10.013347250968748,32042.711203099992,3,3,2,2,1.0,1.0,13.327361000000002,"[13.96946,13.255056,12.757567]",1ebf358b2505fe84bcc985e5ae510be980147cf37abe3b170e022b58fbb8f0a8
nominal,IM,1-5,1058,9.152503496281247,29288.011188099987,2,2,2,2,1.0,1.0,13.5771725,"[15.099573,12.054772]",76ea2d2ae1374fb00116abbccb288a23662d5236ccda8685270d26fc75fd43e3
nominal,IM,1-5,1059,7.642470015249999,24455.904048799996,0,0,0,0,,,,[],4f53cda18c2baa0c0354bb5f9a3ecbe5ed12ab4d8e11ba873c2f11161202b945
nominal,IM,1-5,1060,8.861119569718745,28355.582623099985,1,1,1,1,1.0,1.0,14.802335,[14.802335],6bc8718d9bd6b91c1d9c8c0727521f74435cfe64e9d292d91c45a412c0558b72
nominal,IM,1-5,1061,9.787115094343747,31318.76830189999,3,3,3,3,1.0,1.0,15.303556666666665,"[15.244483,15.991238,14.674949]",ba5e8f69261dbfe946e30b21cdbd41b7044230c0a4689ad50ff104449a3fc405
nominal,IM,1-5,1062,9.810512422843747,31393.63975309999,2,2,1,1,1.0,1.0,13.667076999999999,"[13.586159,13.747995]",142319cd9401f990c2e3f60fd5306243dfbd94e3596266c09cf14be77e356698
nominal,IM,1-5,1063,8.704389662499999,27854.046919999993,0,0,0,0,,,,[],e78c7bf4e47b8d9236d93630d587c817338ca551887f8ba457c17e856b539daf
nominal,IM,1-5,1064,10.488896364218746,33564.46836549999,4,4,3,3,1.0,1.0,12.420611749999999,"[11.252085,11.999857,15.04624,11.384265]",25565ef647f8b434fc30f657f6f91000c548df1cc83635275ed21647ba86ecb4
nominal,IM,1-6,1001,3.6478405593749983,11673.089789999995,1,1,1,1,1.0,1.0,12.540703,[12.540703],9430acf4d71e09c80a2cc85a31e7211044bfd1c2c2d71a64aaa301b323b0a02b
nominal,IM,1-6,1002,4.052028059374998,12966.489789999994,0,0,0,0,,,,[],fed7f4a040e90a1dacf0aab4ed4c699829d5e2ba226e6db81a8dc5ff0d2aa7f2
nominal,IM,1-6,1003,6.143925368749999,19660.561179999997,0,0,0,0,,,,[],00e9a16ea795d779e8c86fa9bb37e1c3cb5665bbd8baccb27522b414889ba43a
nominal,IM,1-6,1004,4.035380735937498,12913.218354999994,1,1,1,1,1.0,1.0,13.577882,[13.577882],4eee956a337a0647f6ccabe80f174f986c0f130a1f2cb362a52cff4b3e06b783
nominal,IM,1-6,1005,4.697273589062498,15031.275484999995,1,1,1,1,1.0,1.0,12.304992,[12.304992],f836270220b6c09661e2dccf89feaa8952c59643f7ec7639da215db6d79dffc7
nominal,IM,1-6,1006,4.0353807359374985,12913.218354999995,1,1,0,0,1.0,,12.897151,[12.897151],62b4c64a45d6940cd171844d0cc992f1ce431e3f6c6efc7597afe4171c7f5909
nominal,IM,1-6,1007,3.2603003828124986,10432.961224999995,1,1,1,1,1.0,1.0,13.563148,[13.563148],526e2915967165192fbc2e6c5304b2d421bf7a8e9a0321e0de002c6d827a940d
nominal,IM,1-6,1008,4.043059309374999,12937.789789999995,0,0,0,0,,,,[],bf8e90f32f6e403a96cdcb9b39746b36596389e86839ff581ef8c0194096b304
nominal,IM,1-6,1009,5.260501265624998,16833.604049999994,2,2,2,2,1.0,1.0,11.0624125,"[13.339249,8.785576]",7d1c0a3b98abc7413c3a261eead8750d23aa17a50fc3a6b51d05e683b57b71da
nominal,IM,1-6,1010,4.422920912499999,14153.346919999994,1,1,1,1,1.0,1.0,14.919389,[14.919389],0f1f07778d86aa1cb0f1a203a4ba203a148f514568f0187b632ab0fab7537692
nominal,IM,1-6,1011,4.793813765624998,15340.204049999995,2,2,1,1,1.0,1.0,13.565052000000001,"[11.387078,15.743026]",480470adb016a632676b0212c045a35e34edd6cfb00d19c6a09e1c280a53d522
nominal,IM,1-6,1012,4.013528059374998,12843.289789999995,0,0,0,0,,,,[],4f53cda18c2baa0c0354bb5f9a3ecbe5ed12ab4d8e11ba873c2f11161202b945
nominal,IM,1-6,1013,5.472353942187499,17511.532614999996,1,1,0,0,1.0,,11.925165,[11.925165],32c72b8b2fcb64ba3221589faa358b75f435002335ca5a7e5074be3cbb6b254e
nominal,IM,1-6,1014,7.972079383781249,25510.654028099998,3,3,3,3,1.0,1.0,13.156079666666665,"[14.31988,12.720937,12.427422]",57230bb1bfab97f2a0237d99c5c7af82dde4122d4761663f4616751080004dae
nominal,IM,1-6,1015,5.973081618749998,19113.861179999996,1,1,0,0,1.0,,14.858891,[14.858891],bf67c06894aa6068cf0e9896405b36e3ccc16d8c98e1ef5a4569673883ee7582
nominal,IM,1-6,1016,5.9564342953125,19060.589744999997,2,2,2,2,1.0,1.0,14.164642,"[12.877647,15.451637]",7882e23233b2b60064d7e77682e42fafce9d3778fe1d8aed19c34c4608504159
nominal,IM,1-6,1017,4.422920912499998,14153.346919999993,1,1,1,1,1.0,1.0,11.884945,[11.884945],556b92892b4b948c0b10adfc8bc689adb048fe2b1af9590348bb6a2d07325d97
nominal,IM,1-6,1018,3.6478405593749983,11673.089789999995,1,1,1,1,1.0,1.0,11.5171,[11.5171],319be9bbb2c28f7a317c7ef2622146771d8a7b5bd8b9277e761b69bbf5854d8c
nominal,IM,1-6,1019,4.810461089062499,15393.475484999995,1,1,1,1,1.0,1.0,15.936368,[15.936368],3ed8ea05f77cacda73961ccc1b47fa64661d29d5849b257322361f2224c55642
nominal,IM,1-6,1020,4.422920912499998,14153.346919999993,1,1,0,0,1.0,,15.887091,[15.887091],9f5a77689a176c94a1f4bd367c761905d81b90234decad2e6c99f04f0b636fc6
nominal,IM,1-6,1021,5.214648589062499,16686.875484999997,0,0,0,0,,,,[],4f53cda18c2baa0c0354bb5f9a3ecbe5ed12ab4d8e11ba873c2f11161202b945
nominal,IM,1-6,1022,5.552246795312499,17767.189744999996,3,3,3,3,1.0,1.0,13.405079666666666,"[14.037442,14.321487,11.85631]",45d3db62d61c7d20e187490b1e8399710147af2c1767c9fb15746b56fd756ef2
nominal,IM,1-6,1023,4.422920912499999,14153.346919999994,2,2,1,1,1.0,1.0,13.099376,"[12.3444,13.854352]",306f5bc75fd32aeb29661f0abb01d924b23b0cbb28d780557cb827fe180d334e
nominal,IM,1-6,1024,6.327327148437499,20247.446874999998,3,3,3,3,1.0,1.0,15.260172333333335,"[15.209027,16.886059,13.685431]",a4ad7f92fa62a44cce84eb5c61939aac8ca708187fcdcfcd1eed9e03dc1028b8
nominal,IM,1-6,1025,4.905635207468749,15698.032663899996,2,2,1,1,1.0,1.0,8.479616,"[1.0,15.959232]",1b152ca3b9a066c35cc082a63e1cb9193a2067a815a108385d3953e0f2917063
nominal,IM,1-6,1026,6.681572678125,21381.03257,5,5,5,5,1.0,1.0,14.310863000000001,"[15.946555,15.045338,15.297584,12.026803,13.238035]",062dba369179d936dd401a7a4cc770a10c4eeb23f519b066670483afe5289278
nominal,IM,1-6,1027,5.198001265624998,16633.604049999994,1,1,1,1,1.0,1.0,16.063456,[16.063456],90653b99453fe0ee0d6095b94709c83b20636a068b73cac656e026ca28ca0efa
nominal,IM,1-6,1028,5.181353942187498,16580.332614999996,2,2,2,2,1.0,1.0,13.6307145,"[14.936657,12.324772]",3e37a112ade938f373697b748900021ac8e57dd9be9c171e6f290a5badafcba4
nominal,IM,1-6,1029,5.068166442187499,16218.132614999995,2,2,1,1,1.0,1.0,14.592141999999999,"[13.590447,15.593837]",25507ef2c38bb8677bca2bcca6f268fd2f13cc9b7be38c10e3020821da44180a
nominal,IM,1-6,1030,7.9066932078125,25301.418265,6,6,5,5,1.0,1.0,12.623273166666666,"[14.147692,8.238701,11.148673,14.36461,13.413073,14.42689]",96f5342ffe2816487b472242efea79a7432ce5f3765c5a3c95fd0373dffaa244
nominal,IM,1-6,1031,5.214648589062499,16686.875484999997,0,0,0,0,,,,[],4f53cda18c2baa0c0354bb5f9a3ecbe5ed12ab4d8e11ba873c2f11161202b945
nominal,IM,1-6,1032,6.1106307218749985,19554.018309999996,2,2,2,2,1.0,1.0,15.51415,"[15.339306,15.688994]",fc358eb7880767f6f1bbba495b57ce3b25aaa45e3968cf80be5195b18056f689
nominal,IM,1-6,1033,3.6644878828124985,11726.361224999995,0,0,0,0,,,,[],4f53cda18c2baa0c0354bb5f9a3ecbe5ed12ab4d8e11ba873c2f11161202b945
nominal,IM,1-6,1034,3.2603003828124986,10432.961224999995,1,1,1,1,1.0,1.0,14.748908,[14.748908],0c6acd47f16dad175737a3d64efe8118bd4083e913301f3f838e261864232c11
nominal,IM,1-6,1035,5.559925368749999,17791.761179999998,2,2,2,2,1.0,1.0,14.68823,"[15.741549,13.634911]",1e1b08f9beb064df2383befa09a2d2802c1848d1c18a4d306a5d03502c008015
nominal,IM,1-6,1036,4.793813765624998,15340.204049999995,2,2,2,2,1.0,1.0,12.609055,"[13.693636,11.524474]",a0723963f0b8528010109bf69b058e5045cbc3a808dc89cd34d7f240bf136604
nominal,IM,1-6,1037,5.5688941187499985,17820.461179999995,2,2,2,2,1.0,1.0,13.4327725,"[14.224294,12.641251]",5fd4ce6e37d18f80f80e5adcd40c47000ae31005b1e818cae07483c33a4b4794
nominal,IM,1-6,1038,6.343974471874999,20300.718309999997,2,2,2,2,1.0,1.0,12.434964,"[12.170518,12.69941]",d573b0f0caf37840d976dbf6431a142e4314df290863161ad5328a7fde35a891
nominal,IM,1-6,1039,5.198001265624998,16633.604049999994,1,1,1,1,1.0,1.0,12.605566,[12.605566],fd6941408e266c611388e4a2780adf9ab6674d92550d053d2d7f64ebbdbafd07
nominal,IM,1-6,1040,5.9564342953125,19060.589744999997,2,2,1,1,1.0,1.0,14.285617,"[12.988384,15.58285]",68ca7b0e3480e0221bf34309f0cf78704c9d5eec0c3e9ecb1d89cb85e669b5c7
nominal,IM,1-6,1041,6.3606217953124995,20353.989745,1,1,1,1,1.0,1.0,15.99717,[15.99717],fd88be1be03817ff14582416d4d2aaa421e516111555b04282ef27a81acdda10
nominal,IM,1-6,1042,5.181353942187498,16580.332614999996,2,2,2,2,1.0,1.0,13.732415,"[15.710869,11.753961]",de646cd8e9067faa9dd5789998062d51be1092abca8d7fd1eedc0587759fde5f
nominal,IM,1-6,1043,3.9388405593749987,12604.289789999995,0,0,0,0,,,,[],4f53cda18c2baa0c0354bb5f9a3ecbe5ed12ab4d8e11ba873c2f11161202b945
nominal,IM,1-6,1044,7.4733003546875,23914.561135,4,4,3,3,1.0,1.0,14.17791675,"[14.604389,11.835529,14.345344,15.926405]",3c391600ed5436ff2d4a36770b490cfc8bdae5f5b6fe1f30be377db54e09309b
nominal,IM,1-6,1045,4.827108412499999,15446.746919999994,0,0,0,0,,,,[],dce0559ffbbb13d9308379f35af716591345d0c0a5b9d0286f717f6301dce857
nominal,IM,1-6,1046,4.052028059374997,12966.489789999992,0,0,0,0,,,,[],4f53cda18c2baa0c0354bb5f9a3ecbe5ed12ab4d8e11ba873c2f11161202b945
nominal,IM,1-6,1047,3.2769477062499983,10486.232659999994,0,0,0,0,,,,[],4f53cda18c2baa0c0354bb5f9a3ecbe5ed12ab4d8e11ba873c2f11161202b945
nominal,IM,1-6,1048,7.805693207812499,24978.218265,5,5,5,5,1.0,1.0,14.3560228,"[13.513607,15.839265,14.293879,12.39117,15.742193]",4c10015ca84c9a75cf9eb61e678cb0db48a6a52b737208b8d88ee0890db748ef
nominal,IM,1-6,1049,4.035380735937498,12913.218354999994,1,1,1,1,1.0,1.0,15.257599,[15.257599],53b8042c0d29fe91598b0f284d9ff85da53a5746eafb492801f6a2bf94e33ecd
nominal,IM,1-6,1050,5.861842766218749,18757.896851899997,2,2,2,2,1.0,1.0,15.355687,"[12.226214,18.48516]",b3a26e5221046f7ee0ccbc90af5f1f0665588536e11b6554bf192f2a06255ebe
nominal,IM,1-6,1051,4.422920912499999,14153.346919999996,0,0,0,0,,,,[],3b38d89321fd2335eeb8599d0ab87040f6c9a1305a309f63a07076e2d84a6421
nominal,IM,1-6,1052,3.6644878828124985,11726.361224999995,0,0,0,0,,,,[],212d8b38a50ee73c56803288369ff4697efdaa9f80adf2ad425240a34b5a89d7
nominal,IM,1-6,1053,4.771961089062498,15270.275484999995,1,1,1,1,1.0,1.0,12.439679,[12.439679],003ed4b3adcf97afdebb240fd2edfbca85b04744083508bcbb014424638fea03
nominal,IM,1-6,1054,4.777166442187498,15286.932614999994,3,3,3,3,1.0,1.0,13.016469,"[12.333895,12.841965,13.873547]",bfb6e8fff3c074f87fa14c011c27ae40f261fe8b849a4eded5e11d0d784f1d74
nominal,IM,1-6,1055,7.418153031249999,23738.089699999997,5,5,5,5,1.0,1.0,14.5554882,"[13.775579,19.398908,14.668562,12.937042,11.99735]",54a5ad5b75095e5c0c7de495bcf8fd2771dd377c67a153939c8fdba1efce18d7
nominal,IM,1-6,1056,4.468773589062498,14300.075484999994,3,3,2,2,1.0,1.0,9.991748,"[16.062841,1.0,12.912403]",39cb6ab71d7f761457c13d60b5b79281a31bae50193f4536fb325d09ffdfef73
nominal,IM,1-6,1057,6.327327148437498,20247.446874999994,3,3,2,2,1.0,1.0,13.327361000000002,"[13.96946,13.255056,12.757567]",1ebf358b2505fe84bcc985e5ae510be980147cf37abe3b170e022b58fbb8f0a8
nominal,IM,1-6,1058,5.5303941187499985,17697.261179999994,2,2,2,2,1.0,1.0,13.5771725,"[15.099573,12.054772]",76ea2d2ae1374fb00116abbccb288a23662d5236ccda8685270d26fc75fd43e3
nominal,IM,1-6,1059,3.9388405593749978,12604.289789999993,0,0,0,0,,,,[],4f53cda18c2baa0c0354bb5f9a3ecbe5ed12ab4d8e11ba873c2f11161202b945
nominal,IM,1-6,1060,5.239010192187498,16764.832614999996,1,1,1,1,1.0,1.0,14.802335,[14.802335],6bc8718d9bd6b91c1d9c8c0727521f74435cfe64e9d292d91c45a412c0558b72
nominal,IM,1-6,1061,5.939786971874998,19007.318309999995,3,3,3,3,1.0,1.0,15.303556666666665,"[15.244483,15.991238,14.674949]",ba5e8f69261dbfe946e30b21cdbd41b7044230c0a4689ad50ff104449a3fc405
nominal,IM,1-6,1062,5.9564342953125,19060.589744999997,2,2,1,1,1.0,1.0,13.667076999999999,"[13.586159,13.747995]",142319cd9401f990c2e3f60fd5306243dfbd94e3596266c09cf14be77e356698
nominal,IM,1-6,1063,4.818139662499998,15418.046919999995,0,0,0,0,,,,[],e78c7bf4e47b8d9236d93630d587c817338ca551887f8ba457c17e856b539daf
nominal,IM,1-6,1064,6.931563751562498,22181.004004999995,4,4,3,3,1.0,1.0,12.420611749999999,"[11.252085,11.999857,15.04624,11.384265]",25565ef647f8b434fc30f657f6f91000c548df1cc83635275ed21647ba86ecb4
